,smiles,name,frag_small,reactants,reaction_names,num_steps,compound_set,hits
0,Cn1ncc(NC(=O)CC#N)c1NC(=O)C1CCCO1,LXINEYASRREWNB-UHFFFAOYSA-N,"['Ax0310a', 'Ax0416a']","[('Cn1ncc(NC(=O)OC(C)(C)C)c1N', 'O=C(O)C1CCCO1'), 'Cn1ncc(NC(=O)OC(C)(C)C)c1NC(=O)C1CCCO1', ('Cn1ncc(N)c1NC(=O)C1CCCO1', 'N#CCC(=O)O')]","['Amidation', 'N-Boc_deprotection', 'Amidation']",3,x0310-x0416-merge-1-1,A71EV2A-x0310_A_147_A71EV2A-x0501+A+152+1 A71EV2A-x0416_A_147_A71EV2A-x0501+A+152+1
1,N#CCC(=O)Nc1cccc(NC(=O)C2CCCO2)c1,BHKVBKDDVLQZCR-UHFFFAOYSA-N,"['Ax0310a', 'Ax0416a']","[('CC(C)(C)OC(=O)Nc1cccc(N)c1', 'O=C(O)C1CCCO1'), 'CC(C)(C)OC(=O)Nc1cccc(NC(=O)C2CCCO2)c1', ('Nc1cccc(NC(=O)C2CCCO2)c1', 'N#CCC(=O)O')]","['Amidation', 'N-Boc_deprotection', 'Amidation']",3,x0310-x0416-merge-2-1,A71EV2A-x0310_A_147_A71EV2A-x0501+A+152+1 A71EV2A-x0416_A_147_A71EV2A-x0501+A+152+1
2,N#CCC(=O)Nc1ccnc(NC(=O)C2CCCO2)c1,GHOYNZDJCPMSBM-UHFFFAOYSA-N,"['Ax0310a', 'Ax0416a']","[('Nc1cc(NC(=O)OC(C)(C)C)ccn1', 'O=C(O)C1CCCO1'), 'CC(C)(C)OC(=O)Nc1ccnc(NC(=O)C2CCCO2)c1', ('Nc1ccnc(NC(=O)C2CCCO2)c1', 'N#CCC(=O)O')]","['Amidation', 'N-Boc_deprotection', 'Amidation']",3,x0310-x0416-merge-2-3,A71EV2A-x0310_A_147_A71EV2A-x0501+A+152+1 A71EV2A-x0416_A_147_A71EV2A-x0501+A+152+1
3,Cc1ccc(NC(=O)C2CCCO2)cc1NC(=O)CC#N,BCPKNOZHZDDVQN-UHFFFAOYSA-N,"['Ax0310a', 'Ax0416a']","[('CC(C)(C)OC(=O)Nc1cc(N)ccc1C', 'O=C(O)C1CCCO1'), 'Cc1ccc(NC(=O)C2CCCO2)cc1NC(=O)OC(C)(C)C', ('Cc1ccc(NC(=O)C2CCCO2)cc1N', 'N#CCC(=O)O')]","['Amidation', 'N-Boc_deprotection', 'Amidation']",3,x0310-x0416-merge-2-4,A71EV2A-x0310_A_147_A71EV2A-x0501+A+152+1 A71EV2A-x0416_A_147_A71EV2A-x0501+A+152+1
4,N#CCC(=O)Nc1cc(NC(=O)C2CCCO2)ccc1F,UASLKFQKYXHLQJ-UHFFFAOYSA-N,"['Ax0310a', 'Ax0416a']","[('CC(C)(C)OC(=O)Nc1cc(N)ccc1F', 'O=C(O)C1CCCO1'), 'CC(C)(C)OC(=O)Nc1cc(NC(=O)C2CCCO2)ccc1F', ('Nc1cc(NC(=O)C2CCCO2)ccc1F', 'N#CCC(=O)O')]","['Amidation', 'N-Boc_deprotection', 'Amidation']",3,x0310-x0416-merge-2-6,A71EV2A-x0310_A_147_A71EV2A-x0501+A+152+1 A71EV2A-x0416_A_147_A71EV2A-x0501+A+152+1
5,Cc1cc(NC(=O)CC#N)cc(NC(=O)C2CCCO2)c1,GOUNARLEGNWPCP-UHFFFAOYSA-N,"['Ax0310a', 'Ax0416a']","[('CC(C)(C)OC(=O)Nc1cc(C)cc(N)c1', 'O=C(O)C1CCCO1'), 'Cc1cc(NC(=O)OC(C)(C)C)cc(NC(=O)C2CCCO2)c1', ('Cc1cc(N)cc(NC(=O)C2CCCO2)c1', 'N#CCC(=O)O')]","['Amidation', 'N-Boc_deprotection', 'Amidation']",3,x0310-x0416-merge-2-7,A71EV2A-x0310_A_147_A71EV2A-x0501+A+152+1 A71EV2A-x0416_A_147_A71EV2A-x0501+A+152+1
7,Cn1ncc(NC(=O)CC#N)c1NC(=O)CO,DCIDJYONTYLQEI-UHFFFAOYSA-N,"['Ax0310a', 'Ax0732a']","[('Cn1ncc(NC(=O)OC(C)(C)C)c1N', 'O=C(O)CO'), 'Cn1ncc(NC(=O)OC(C)(C)C)c1NC(=O)CO', ('Cn1ncc(N)c1NC(=O)CO', 'N#CCC(=O)O')]","['Amidation', 'N-Boc_deprotection', 'Amidation']",3,x0310-x0732-merge-1-1,A71EV2A-x0310_A_147_A71EV2A-x0501+A+152+1 A71EV2A-x0732_A_201_A71EV2A-x0501+A+152+1
8,Cc1cnc(OCC(=O)N2CCOCC2)cc1NC(=O)CC#N,WCNAXNCVZXMWKF-UHFFFAOYSA-N,"['Ax0310a', 'Ax0739a']","[('Cc1cnc(O)cc1N', 'N#CCC(=O)O'), ('Cc1cnc(O)cc1NC(=O)CC#N', 'O=C(CCl)N1CCOCC1')]","['Amidation', 'Williamson_ether_synthesis']",2,x0310-x0739-merge-2-2,A71EV2A-x0310_A_147_A71EV2A-x0501+A+152+1 A71EV2A-x0739_A_147_A71EV2A-x0501+A+152+1
9,Cc1cc(NC(=O)CC#N)cc(OCC(=O)N2CCOCC2)c1,FQGGXMVTNBDGEE-UHFFFAOYSA-N,"['Ax0310a', 'Ax0739a']","[('Cc1cc(O)cc(N)c1', 'N#CCC(=O)O'), ('Cc1cc(O)cc(NC(=O)CC#N)c1', 'O=C(CCl)N1CCOCC1')]","['Amidation', 'Williamson_ether_synthesis']",2,x0310-x0739-merge-2-1,A71EV2A-x0310_A_147_A71EV2A-x0501+A+152+1 A71EV2A-x0739_A_147_A71EV2A-x0501+A+152+1
10,N#CCC(=O)Nc1cccc(OCC(=O)N2CCOCC2)c1,CLVVEVVTKNLLLU-UHFFFAOYSA-N,"['Ax0310a', 'Ax0739a']","[('Nc1cccc(O)c1', 'N#CCC(=O)O'), ('N#CCC(=O)Nc1cccc(O)c1', 'O=C(CCl)N1CCOCC1')]","['Amidation', 'Williamson_ether_synthesis']",2,x0310-x0739-merge-2-4,A71EV2A-x0310_A_147_A71EV2A-x0501+A+152+1 A71EV2A-x0739_A_147_A71EV2A-x0501+A+152+1
11,Cc1ccc(OCC(=O)N2CCOCC2)cc1NC(=O)CC#N,ZEEZCEGNYUPWRG-UHFFFAOYSA-N,"['Ax0310a', 'Ax0739a']","[('Cc1ccc(O)cc1N', 'N#CCC(=O)O'), ('Cc1ccc(O)cc1NC(=O)CC#N', 'O=C(CCl)N1CCOCC1')]","['Amidation', 'Williamson_ether_synthesis']",2,x0310-x0739-merge-2-5,A71EV2A-x0310_A_147_A71EV2A-x0501+A+152+1 A71EV2A-x0739_A_147_A71EV2A-x0501+A+152+1
12,Cc1ccc(NC(=O)CC#N)cc1OCC(=O)N1CCOCC1,KYUARQFQJUCNFW-UHFFFAOYSA-N,"['Ax0310a', 'Ax0739a']","[('Nc1cc(O)c(C)cc1', 'N#CCC(=O)O'), ('Cc1ccc(NC(=O)CC#N)cc1O', 'O=C(CCl)N1CCOCC1')]","['Amidation', 'Williamson_ether_synthesis']",2,x0310-x0739-merge-2-8,A71EV2A-x0310_A_147_A71EV2A-x0501+A+152+1 A71EV2A-x0739_A_147_A71EV2A-x0501+A+152+1
13,Cc1cc(C)c(OCC(=O)N2CCOCC2)cc1NC(=O)CC#N,AKCZIULVMOLGHC-UHFFFAOYSA-N,"['Ax0310a', 'Ax0739a']","[('Nc1cc(O)c(C)cc1C', 'N#CCC(=O)O'), ('Cc1cc(C)c(NC(=O)CC#N)cc1O', 'O=C(CCl)N1CCOCC1')]","['Amidation', 'Williamson_ether_synthesis']",2,x0310-x0739-merge-2-9,A71EV2A-x0310_A_147_A71EV2A-x0501+A+152+1 A71EV2A-x0739_A_147_A71EV2A-x0501+A+152+1
14,N#CCC(=O)Nc1cncc(OCC(=O)N2CCOCC2)c1,XNQQWKFGJZTTEX-UHFFFAOYSA-N,"['Ax0310a', 'Ax0739a']","[('Nc1cncc(O)c1', 'N#CCC(=O)O'), ('N#CCC(=O)Nc1cncc(O)c1', 'O=C(CCl)N1CCOCC1')]","['Amidation', 'Williamson_ether_synthesis']",2,x0310-x0739-merge-2-10,A71EV2A-x0310_A_147_A71EV2A-x0501+A+152+1 A71EV2A-x0739_A_147_A71EV2A-x0501+A+152+1
15,N#CCC(=O)Nc1ccnc(OCC(=O)N2CCOCC2)c1,CVBLKWHDGHXHMC-UHFFFAOYSA-N,"['Ax0310a', 'Ax0739a']","[('Nc1ccnc(O)c1', 'N#CCC(=O)O'), ('N#CCC(=O)Nc1ccnc(O)c1', 'O=C(CCl)N1CCOCC1')]","['Amidation', 'Williamson_ether_synthesis']",2,x0310-x0739-merge-2-11,A71EV2A-x0310_A_147_A71EV2A-x0501+A+152+1 A71EV2A-x0739_A_147_A71EV2A-x0501+A+152+1
16,Cc1cccc(OC2CCN(C)C2=O)c1OCC(=O)N1CCOCC1,UASUHFYDLOTSPQ-UHFFFAOYSA-N,"['Ax0528a', 'Ax0739a']","[('Cc1cccc(O)c1OCc1ccccc1', 'O=C1C(Cl)CCN1C'), 'Cc1cccc(OC2CCN(C)C2=O)c1OCc1ccccc1', ('Cc1cccc(OC2CCN(C)C2=O)c1O', 'O=C(CCl)N1CCOCC1')]","['Williamson_ether_synthesis', 'Benzyl_alcohol_deprotection', 'Williamson_ether_synthesis']",3,x0528-x0739-merge-1-2,A71EV2A-x0528_A_147_A71EV2A-x0501+A+152+1 A71EV2A-x0739_A_147_A71EV2A-x0501+A+152+1
17,Cc1cc(C)c(OCC(=O)N2CCOCC2)c(OC2CCN(C)C2=O)c1,WKZRUHMHRSTISJ-UHFFFAOYSA-N,"['Ax0528a', 'Ax0739a']","[('Cc1cc(O)c(OCc2ccccc2)c(C)c1', 'O=C1C(Cl)CCN1C'), 'Cc1cc(C)c(OCc2ccccc2)c(OC2CCN(C)C2=O)c1', ('Cc1cc(C)c(O)c(OC2CCN(C)C2=O)c1', 'O=C(CCl)N1CCOCC1')]","['Williamson_ether_synthesis', 'Benzyl_alcohol_deprotection', 'Williamson_ether_synthesis']",3,x0528-x0739-merge-1-3,A71EV2A-x0528_A_147_A71EV2A-x0501+A+152+1 A71EV2A-x0739_A_147_A71EV2A-x0501+A+152+1
18,CC(=O)Nc1cccc(NC(C)=O)c1CNS(C)(=O)=O,GNGHXHDPKASYTF-UHFFFAOYSA-N,"['Ax0719a', 'Ax0884a']","[('Brc1c(N)cccc1NC(=O)OC(C)(C)C', 'CC(=O)O'), 'CC(=O)Nc1cccc(NC(=O)OC(C)(C)C)c1Br', ('CC(=O)Nc1cccc(N)c1Br', 'CC(=O)O'), ('CC(=O)Nc1cccc(NC(C)=O)c1Br', 'CC1(C)OB(CNS(C)(=O)=O)OC1(C)C')]","['Amidation', 'N-Boc_deprotection', 'Amidation', 'Sp3-sp2_Suzuki_coupling']",4,x0884-x0719-merge-1-1,A71EV2A-x0884_A_147_A71EV2A-x0501+A+152+1 A71EV2A-x0719_A_301_A71EV2A-x0501+A+152+1
19,CC(=O)Nc1c(CNS(C)(=O)=O)ccc(OCC(=O)N(C)C)c1Br,STIQFIHEOJHUKS-UHFFFAOYSA-N,"['Ax0719a', 'Ax0884a', 'Ax0922a']","[('Fc1ccc(O)c(Br)c1N', 'CC(=O)O'), ('CC(=O)Nc1c(F)ccc(O)c1Br', 'CN(C)C(=O)CCl'), ('CC(=O)Nc1c(F)ccc(OCC(=O)N(C)C)c1Br', 'CC1(C)OB(CNS(C)(=O)=O)OC1(C)C')]","['Amidation', 'Williamson_ether_synthesis', 'Sp3-sp2_Suzuki_coupling']",3,x0884-x0719-x0922-merge-2-1,A71EV2A-x0884_A_147_A71EV2A-x0501+A+152+1 A71EV2A-x0719_A_301_A71EV2A-x0501+A+152+1 A71EV2A-x0922_A_147_A71EV2A-x0501+A+152+1
20,CC(=O)Nc1cccc(C)c1NC(=O)CO,HTQKETIGMLSVKZ-UHFFFAOYSA-N,"['Ax0732a', 'Ax0884a']","[('CC(C)(C)OC(=O)Nc1c(C)cccc1N', 'CC(=O)O'), 'CC(=O)Nc1cccc(C)c1NC(=O)OC(C)(C)C', ('CC(=O)Nc1cccc(C)c1N', 'O=C(O)CO')]","['Amidation', 'N-Boc_deprotection', 'Amidation']",3,x0884-x0732-merge-2-1,A71EV2A-x0884_A_147_A71EV2A-x0501+A+152+1 A71EV2A-x0732_A_201_A71EV2A-x0501+A+152+1
21,CC(=O)Nc1ccccc1NC(=O)CO,XIPUDWAUXVXPNO-UHFFFAOYSA-N,"['Ax0732a', 'Ax0884a']","[('CC(C)(C)OC(=O)Nc1ccccc1N', 'CC(=O)O'), 'CC(=O)Nc1ccccc1NC(=O)OC(C)(C)C', ('CC(=O)Nc1ccccc1N', 'O=C(O)CO')]","['Amidation', 'N-Boc_deprotection', 'Amidation']",3,x0884-x0732-merge-2-2,A71EV2A-x0884_A_147_A71EV2A-x0501+A+152+1 A71EV2A-x0732_A_201_A71EV2A-x0501+A+152+1
22,CC(=O)Nc1cccc(F)c1NC(=O)CO,VKJZGMPIQHJVLA-UHFFFAOYSA-N,"['Ax0732a', 'Ax0884a']","[('CC(C)(C)OC(=O)Nc1c(F)cccc1N', 'CC(=O)O'), 'CC(=O)Nc1cccc(F)c1NC(=O)OC(C)(C)C', ('CC(=O)Nc1cccc(F)c1N', 'O=C(O)CO')]","['Amidation', 'N-Boc_deprotection', 'Amidation']",3,x0884-x0732-merge-2-6,A71EV2A-x0884_A_147_A71EV2A-x0501+A+152+1 A71EV2A-x0732_A_201_A71EV2A-x0501+A+152+1
23,CC(=O)Nc1cccc(OCC(=O)N(C)C)c1NC(=O)CO,PNVZAYIBWRTCMN-UHFFFAOYSA-N,"['Ax0732a', 'Ax0884a']","[('Oc1cccc(N)c1NC(=O)OC(C)(C)C', 'CC(=O)O'), 'CC(=O)Nc1cccc(O)c1NC(=O)OC(C)(C)C', ('CC(=O)Nc1cccc(O)c1N', 'O=C(O)CO'), ('CC(=O)Nc1cccc(O)c1NC(=O)CO', 'CN(C)C(=O)CCl')]","['Amidation', 'N-Boc_deprotection', 'Amidation', 'Williamson_ether_synthesis']",4,x0884-x0732-x0922-merge-1-1,A71EV2A-x0884_A_147_A71EV2A-x0501+A+152+1 A71EV2A-x0732_A_201_A71EV2A-x0501+A+152+1
24,CC(=O)Nc1cc(OCC(=O)N2CCOCC2)ncc1C,ZVTXJLVFUAMZRS-UHFFFAOYSA-N,"['Ax0739a', 'Ax0884a']","[('Cc1cnc(O)cc1N', 'CC(=O)O'), ('CC(=O)Nc1cc(O)ncc1C', 'O=C(CCl)N1CCOCC1')]","['Amidation', 'Williamson_ether_synthesis']",2,x0884-x0739-merge-3-2,A71EV2A-x0884_A_147_A71EV2A-x0501+A+152+1 A71EV2A-x0739_A_147_A71EV2A-x0501+A+152+1
25,CC(=O)Nc1cc(C)cc(OCC(=O)N2CCOCC2)c1,NMLCPEMTBQOHIE-UHFFFAOYSA-N,"['Ax0739a', 'Ax0884a']","[('Cc1cc(O)cc(N)c1', 'CC(=O)O'), ('CC(=O)Nc1cc(C)cc(O)c1', 'O=C(CCl)N1CCOCC1')]","['Amidation', 'Williamson_ether_synthesis']",2,x0884-x0739-merge-3-3,A71EV2A-x0884_A_147_A71EV2A-x0501+A+152+1 A71EV2A-x0739_A_147_A71EV2A-x0501+A+152+1
26,CC(=O)Nc1cccc(OCC(=O)N2CCOCC2)c1,SMTYBWHFSAKKED-UHFFFAOYSA-N,"['Ax0739a', 'Ax0884a']","[('Nc1cccc(O)c1', 'CC(=O)O'), ('CC(=O)Nc1cccc(O)c1', 'O=C(CCl)N1CCOCC1')]","['Amidation', 'Williamson_ether_synthesis']",2,x0884-x0739-merge-3-4,A71EV2A-x0884_A_147_A71EV2A-x0501+A+152+1 A71EV2A-x0739_A_147_A71EV2A-x0501+A+152+1
27,CC(=O)Nc1cc(OCC(=O)N2CCOCC2)ccc1C,JKENRCTVZAQDOU-UHFFFAOYSA-N,"['Ax0739a', 'Ax0884a']","[('Cc1ccc(O)cc1N', 'CC(=O)O'), ('CC(=O)Nc1cc(O)ccc1C', 'O=C(CCl)N1CCOCC1')]","['Amidation', 'Williamson_ether_synthesis']",2,x0884-x0739-merge-3-5,A71EV2A-x0884_A_147_A71EV2A-x0501+A+152+1 A71EV2A-x0739_A_147_A71EV2A-x0501+A+152+1
28,CC(=O)Nc1cc(OCC(=O)N2CCOCC2)ccc1F,WMXYYSIGMVYKFL-UHFFFAOYSA-N,"['Ax0739a', 'Ax0884a']","[('Fc1ccc(O)cc1N', 'CC(=O)O'), ('CC(=O)Nc1cc(O)ccc1F', 'O=C(CCl)N1CCOCC1')]","['Amidation', 'Williamson_ether_synthesis']",2,x0884-x0739-merge-3-7,A71EV2A-x0884_A_147_A71EV2A-x0501+A+152+1 A71EV2A-x0739_A_147_A71EV2A-x0501+A+152+1
29,CC(=O)Nc1ccc(C)c(OCC(=O)N2CCOCC2)c1,VDDVVUWBLUMWLR-UHFFFAOYSA-N,"['Ax0739a', 'Ax0884a']","[('Nc1cc(O)c(C)cc1', 'CC(=O)O'), ('CC(=O)Nc1ccc(C)c(O)c1', 'O=C(CCl)N1CCOCC1')]","['Amidation', 'Williamson_ether_synthesis']",2,x0884-x0739-merge-3-8,A71EV2A-x0884_A_147_A71EV2A-x0501+A+152+1 A71EV2A-x0739_A_147_A71EV2A-x0501+A+152+1
30,CC(=O)Nc1cncc(OCC(=O)N2CCOCC2)c1,ZMNSQVIBTKNQGL-UHFFFAOYSA-N,"['Ax0739a', 'Ax0884a']","[('Nc1cncc(O)c1', 'CC(=O)O'), ('CC(=O)Nc1cncc(O)c1', 'O=C(CCl)N1CCOCC1')]","['Amidation', 'Williamson_ether_synthesis']",2,x0884-x0739-merge-3-10,A71EV2A-x0884_A_147_A71EV2A-x0501+A+152+1 A71EV2A-x0739_A_147_A71EV2A-x0501+A+152+1
31,CC(=O)Nc1ccnc(OCC(=O)N2CCOCC2)c1,BRSYMCNEXAIIKP-UHFFFAOYSA-N,"['Ax0739a', 'Ax0884a']","[('Nc1ccnc(O)c1', 'CC(=O)O'), ('CC(=O)Nc1ccnc(O)c1', 'O=C(CCl)N1CCOCC1')]","['Amidation', 'Williamson_ether_synthesis']",2,x0884-x0739-merge-3-11,A71EV2A-x0884_A_147_A71EV2A-x0501+A+152+1 A71EV2A-x0739_A_147_A71EV2A-x0501+A+152+1
32,Cc1cc(NC(=O)C2CCCO2)cc(OC2CCN(C)C2=O)c1,APPQVEGAZDMLRK-UHFFFAOYSA-N,"['Ax0528a', 'Ax0416a']","[('Cc1cc(O)cc(N)c1', 'O=C(O)C1CCCO1'), ('Cc1cc(O)cc(NC(=O)C2CCCO2)c1', 'O=C1C(Cl)CCN1C')]","['Amidation', 'Williamson_ether_synthesis']",2,x0528-x0416-merge-1-1,A71EV2A-x0528_A_147_A71EV2A-x0501+A+152+1 A71EV2A-x0416_A_147_A71EV2A-x0501+A+152+1
33,CN1CCC(Oc2cccc(NC(=O)C3CCCO3)c2)C1=O,VDXZGYJNKRBGHE-UHFFFAOYSA-N,"['Ax0528a', 'Ax0416a']","[('Nc1cccc(O)c1', 'O=C(O)C1CCCO1'), ('O=C(Nc1cccc(O)c1)C1CCCO1', 'O=C1C(Cl)CCN1C')]","['Amidation', 'Williamson_ether_synthesis']",2,x0528-x0416-merge-1-4,A71EV2A-x0528_A_147_A71EV2A-x0501+A+152+1 A71EV2A-x0416_A_147_A71EV2A-x0501+A+152+1
34,Cc1ccc(OC2CCN(C)C2=O)cc1NC(=O)C1CCCO1,GVPFTUOBLWBNJI-UHFFFAOYSA-N,"['Ax0528a', 'Ax0416a']","[('Cc1ccc(O)cc1N', 'O=C(O)C1CCCO1'), ('Cc1ccc(O)cc1NC(=O)C1CCCO1', 'O=C1C(Cl)CCN1C')]","['Amidation', 'Williamson_ether_synthesis']",2,x0528-x0416-merge-1-5,A71EV2A-x0528_A_147_A71EV2A-x0501+A+152+1 A71EV2A-x0416_A_147_A71EV2A-x0501+A+152+1
35,CN1CCC(Oc2ccc(F)c(NC(=O)C3CCCO3)c2)C1=O,FBNVFPGRCAQPCT-UHFFFAOYSA-N,"['Ax0528a', 'Ax0416a']","[('Fc1ccc(O)cc1N', 'O=C(O)C1CCCO1'), ('O=C(Nc1cc(O)ccc1F)C1CCCO1', 'O=C1C(Cl)CCN1C')]","['Amidation', 'Williamson_ether_synthesis']",2,x0528-x0416-merge-1-7,A71EV2A-x0528_A_147_A71EV2A-x0501+A+152+1 A71EV2A-x0416_A_147_A71EV2A-x0501+A+152+1
36,Cc1ccc(NC(=O)C2CCCO2)cc1OC1CCN(C)C1=O,ZTDJEGPURPWKAK-UHFFFAOYSA-N,"['Ax0528a', 'Ax0416a']","[('Nc1cc(O)c(C)cc1', 'O=C(O)C1CCCO1'), ('Cc1ccc(NC(=O)C2CCCO2)cc1O', 'O=C1C(Cl)CCN1C')]","['Amidation', 'Williamson_ether_synthesis']",2,x0528-x0416-merge-1-8,A71EV2A-x0528_A_147_A71EV2A-x0501+A+152+1 A71EV2A-x0416_A_147_A71EV2A-x0501+A+152+1
37,Cc1cc(C)c(OC2CCN(C)C2=O)cc1NC(=O)C1CCCO1,WBDILGJJGDRLFR-UHFFFAOYSA-N,"['Ax0528a', 'Ax0416a']","[('Nc1cc(O)c(C)cc1C', 'O=C(O)C1CCCO1'), ('Cc1cc(C)c(NC(=O)C2CCCO2)cc1O', 'O=C1C(Cl)CCN1C')]","['Amidation', 'Williamson_ether_synthesis']",2,x0528-x0416-merge-1-9,A71EV2A-x0528_A_147_A71EV2A-x0501+A+152+1 A71EV2A-x0416_A_147_A71EV2A-x0501+A+152+1
38,CN1CCC(Oc2cncc(NC(=O)C3CCCO3)c2)C1=O,VPAXKPTVSGUXQZ-UHFFFAOYSA-N,"['Ax0528a', 'Ax0416a']","[('Nc1cncc(O)c1', 'O=C(O)C1CCCO1'), ('O=C(Nc1cncc(O)c1)C1CCCO1', 'O=C1C(Cl)CCN1C')]","['Amidation', 'Williamson_ether_synthesis']",2,x0528-x0416-merge-1-10,A71EV2A-x0528_A_147_A71EV2A-x0501+A+152+1 A71EV2A-x0416_A_147_A71EV2A-x0501+A+152+1
39,Cc1cccc(OC2CCN(C)C2=O)c1NC(=O)CO,HQEKNZNNUTZLAE-UHFFFAOYSA-N,"['Ax0528a', 'Ax0732a']","[('Cc1cccc(O)c1N', 'C(O)(=O)CO[Si](C(C)(C)C)(C)C'), 'Cc1cccc(O)c1NC(=O)CO[Si](C)(C)C(C)(C)C', ('Cc1cccc(O)c1NC(=O)CO', 'O=C1C(Cl)CCN1C')]","['Amidation', 'TBS_alcohol_deprotection', 'Williamson_ether_synthesis']",3,x0528-x0732-merge-1-5,A71EV2A-x0528_A_147_A71EV2A-x0501+A+152+1 A71EV2A-x0732_A_201_A71EV2A-x0501+A+152+1
40,Cc1cc(OC2CCN(C)C2=O)c(NC(=O)CO)c(C)n1,AKSURHUAGQQWHX-UHFFFAOYSA-N,"['Ax0528a', 'Ax0732a']","[('Cc1cc(O)c(N)c(C)n1', 'C(O)(=O)CO[Si](C(C)(C)C)(C)C'), 'Cc1cc(O)c(NC(=O)CO[Si](C)(C)C(C)(C)C)c(C)n1', ('Cc1cc(O)c(NC(=O)CO)c(C)n1', 'O=C1C(Cl)CCN1C')]","['Amidation', 'TBS_alcohol_deprotection', 'Williamson_ether_synthesis']",3,x0528-x0732-merge-1-8,A71EV2A-x0528_A_147_A71EV2A-x0501+A+152+1 A71EV2A-x0732_A_201_A71EV2A-x0501+A+152+1
41,Cc1cnc(NC(=O)CS)c(OC2CCN(C)C2=O)c1,NRZOHTQVIPNMMH-UHFFFAOYSA-N,"['Ax0528a', 'Ax0732a']","[('Cc1cnc(N)c(O)c1', 'O=C(O)CS'), ('Cc1cnc(NC(=O)CS)c(O)c1', 'O=C1C(Cl)CCN1C')]","['Amidation', 'Williamson_ether_synthesis']",2,x0528-x0732-merge-2-1,A71EV2A-x0528_A_147_A71EV2A-x0501+A+152+1 A71EV2A-x0732_A_201_A71EV2A-x0501+A+152+1
42,Cc1cccc(OC2CCN(C)C2=O)c1NC(=O)CS,PJFFRQDHURSHGM-UHFFFAOYSA-N,"['Ax0528a', 'Ax0732a']","[('Cc1cccc(O)c1N', 'O=C(O)CS'), ('Cc1cccc(O)c1NC(=O)CS', 'O=C1C(Cl)CCN1C')]","['Amidation', 'Williamson_ether_synthesis']",2,x0528-x0732-merge-2-5,A71EV2A-x0528_A_147_A71EV2A-x0501+A+152+1 A71EV2A-x0732_A_201_A71EV2A-x0501+A+152+1
43,Cc1cc(C)c(NC(=O)CS)c(OC2CCN(C)C2=O)c1,VUFZUHMIPLXWGK-UHFFFAOYSA-N,"['Ax0528a', 'Ax0732a']","[('Cc1cc(O)c(N)c(C)c1', 'O=C(O)CS'), ('Cc1cc(C)c(NC(=O)CS)c(O)c1', 'O=C1C(Cl)CCN1C')]","['Amidation', 'Williamson_ether_synthesis']",2,x0528-x0732-merge-2-6,A71EV2A-x0528_A_147_A71EV2A-x0501+A+152+1 A71EV2A-x0732_A_201_A71EV2A-x0501+A+152+1
44,Cc1cc(OC2CCN(C)C2=O)c(NC(=O)CS)c(C)n1,XYKYGBPLRZPZMB-UHFFFAOYSA-N,"['Ax0528a', 'Ax0732a']","[('Cc1cc(O)c(N)c(C)n1', 'O=C(O)CS'), ('Cc1cc(O)c(NC(=O)CS)c(C)n1', 'O=C1C(Cl)CCN1C')]","['Amidation', 'Williamson_ether_synthesis']",2,x0528-x0732-merge-2-8,A71EV2A-x0528_A_147_A71EV2A-x0501+A+152+1 A71EV2A-x0732_A_201_A71EV2A-x0501+A+152+1
45,CC(=O)Nc1cccc(O)c1NC(=O)CS,FHQLHGVEQIMYTG-UHFFFAOYSA-N,"['Ax0732a', 'Ax0884a']","[('Oc1cccc(N)c1NC(=O)OC(C)(C)C', 'CC(=O)O'), 'CC(=O)Nc1cccc(O)c1NC(=O)OC(C)(C)C', ('CC(=O)Nc1cccc(O)c1N', 'O=C(O)CS')]","['Amidation', 'N-Boc_deprotection', 'Amidation']",3,x0884-x0732-x0922-merge-2-1,A71EV2A-x0884_A_147_A71EV2A-x0501+A+152+1 A71EV2A-x0732_A_201_A71EV2A-x0501+A+152+1
46,CN(C)C(=O)COCC(=O)Nc1cccc(O)c1,AVXQRKTXSXBNPP-UHFFFAOYSA-N,"['Ax0732a', 'Ax0922a']","[('Nc1cccc(O)c1', 'C(O)(=O)CO[Si](C(C)(C)C)(C)C'), 'CC(C)(C)[Si](C)(C)OCC(=O)Nc1cccc(O)c1', ('O=C(CO)Nc1cccc(O)c1', 'CN(C)C(=O)CCl')]","['Amidation', 'TBS_alcohol_deprotection', 'Williamson_ether_synthesis']",3,x0922-x0732-merge-1-4,A71EV2A-x0922_A_147_A71EV2A-x0501+A+152+1 A71EV2A-x0732_A_201_A71EV2A-x0501+A+152+1
47,CN(C)C(=O)COCC(=O)Nc1cc(O)ccc1F,BTQQVRBHNACNKU-UHFFFAOYSA-N,"['Ax0732a', 'Ax0922a']","[('Fc1ccc(O)cc1N', 'C(O)(=O)CO[Si](C(C)(C)C)(C)C'), 'CC(C)(C)[Si](C)(C)OCC(=O)Nc1cc(O)ccc1F', ('O=C(CO)Nc1cc(O)ccc1F', 'CN(C)C(=O)CCl')]","['Amidation', 'TBS_alcohol_deprotection', 'Williamson_ether_synthesis']",3,x0922-x0732-merge-1-7,A71EV2A-x0922_A_147_A71EV2A-x0501+A+152+1 A71EV2A-x0732_A_201_A71EV2A-x0501+A+152+1
48,Cc1ccc(NC(=O)COCC(=O)N(C)C)cc1O,JSUPXYZROWADPA-UHFFFAOYSA-N,"['Ax0732a', 'Ax0922a']","[('Nc1cc(O)c(C)cc1', 'C(O)(=O)CO[Si](C(C)(C)C)(C)C'), 'Cc1ccc(NC(=O)CO[Si](C)(C)C(C)(C)C)cc1O', ('Cc1ccc(NC(=O)CO)cc1O', 'CN(C)C(=O)CCl')]","['Amidation', 'TBS_alcohol_deprotection', 'Williamson_ether_synthesis']",3,x0922-x0732-merge-1-8,A71EV2A-x0922_A_147_A71EV2A-x0501+A+152+1 A71EV2A-x0732_A_201_A71EV2A-x0501+A+152+1
49,Cc1cc(C)c(NC(=O)COCC(=O)N(C)C)cc1O,YXOSKKANWJIJOY-UHFFFAOYSA-N,"['Ax0732a', 'Ax0922a']","[('Nc1cc(O)c(C)cc1C', 'C(O)(=O)CO[Si](C(C)(C)C)(C)C'), 'Cc1cc(C)c(NC(=O)CO[Si](C)(C)C(C)(C)C)cc1O', ('Cc1cc(C)c(NC(=O)CO)cc1O', 'CN(C)C(=O)CCl')]","['Amidation', 'TBS_alcohol_deprotection', 'Williamson_ether_synthesis']",3,x0922-x0732-merge-1-9,A71EV2A-x0922_A_147_A71EV2A-x0501+A+152+1 A71EV2A-x0732_A_201_A71EV2A-x0501+A+152+1
50,CN(C)C(=O)COc1cccc(NC(=O)CS)c1,LCSKLVVSOFHOOO-UHFFFAOYSA-N,"['Ax0732a', 'Ax0922a']","[('Nc1cccc(O)c1', 'O=C(O)CS'), ('O=C(CS)Nc1cccc(O)c1', 'CN(C)C(=O)CCl')]","['Amidation', 'Williamson_ether_synthesis']",2,x0922-x0732-merge-2-4,A71EV2A-x0922_A_147_A71EV2A-x0501+A+152+1 A71EV2A-x0732_A_201_A71EV2A-x0501+A+152+1
51,CN(C)C(=O)COc1ccc(F)c(NC(=O)CS)c1,BAOZEGOGVWZOIX-UHFFFAOYSA-N,"['Ax0732a', 'Ax0922a']","[('Fc1ccc(O)cc1N', 'O=C(O)CS'), ('O=C(CS)Nc1cc(O)ccc1F', 'CN(C)C(=O)CCl')]","['Amidation', 'Williamson_ether_synthesis']",2,x0922-x0732-merge-2-7,A71EV2A-x0922_A_147_A71EV2A-x0501+A+152+1 A71EV2A-x0732_A_201_A71EV2A-x0501+A+152+1
52,Cc1cc(C)c(OCC(=O)N(C)C)cc1NC(=O)CS,RWYKVNCVGBRENI-UHFFFAOYSA-N,"['Ax0732a', 'Ax0922a']","[('Nc1cc(O)c(C)cc1C', 'O=C(O)CS'), ('Cc1cc(C)c(NC(=O)CS)cc1O', 'CN(C)C(=O)CCl')]","['Amidation', 'Williamson_ether_synthesis']",2,x0922-x0732-merge-2-9,A71EV2A-x0922_A_147_A71EV2A-x0501+A+152+1 A71EV2A-x0732_A_201_A71EV2A-x0501+A+152+1
53,CN(C)C(=O)COc1cncc(NC(=O)CS)c1,ZFGIZJRJYCRRHS-UHFFFAOYSA-N,"['Ax0732a', 'Ax0922a']","[('Nc1cncc(O)c1', 'O=C(O)CS'), ('O=C(CS)Nc1cncc(O)c1', 'CN(C)C(=O)CCl')]","['Amidation', 'Williamson_ether_synthesis']",2,x0922-x0732-merge-2-10,A71EV2A-x0922_A_147_A71EV2A-x0501+A+152+1 A71EV2A-x0732_A_201_A71EV2A-x0501+A+152+1
54,CN(C)C(=O)COc1cc(OCC(=O)N2CCOCC2)ccc1F,CYSUOTMKUDBMFZ-UHFFFAOYSA-N,"['Ax0739a', 'Ax0922a']","[('C[Si](C)(Oc1cc(O)ccc1F)C(C)(C)C', 'O=C(CCl)N1CCOCC1'), 'CC(C)(C)[Si](C)(C)Oc1cc(OCC(=O)N2CCOCC2)ccc1F', ('O=C(COc1ccc(F)c(O)c1)N1CCOCC1', 'CN(C)C(=O)CCl')]","['Williamson_ether_synthesis', 'TBS_alcohol_deprotection', 'Williamson_ether_synthesis']",3,x0922-x0739-merge-2-1,A71EV2A-x0922_A_147_A71EV2A-x0501+A+152+1 A71EV2A-x0739_A_147_A71EV2A-x0501+A+152+1
55,CN(C)C(=O)COc1cccc(OCC(=O)N2CCOCC2)c1,LTURCBNOKGSFTI-UHFFFAOYSA-N,"['Ax0739a', 'Ax0922a']","[('CC(C)(C)[Si](C)(C)Oc1cccc(O)c1', 'O=C(CCl)N1CCOCC1'), 'CC(C)(C)[Si](C)(C)Oc1cccc(OCC(=O)N2CCOCC2)c1', ('O=C(COc1cccc(O)c1)N1CCOCC1', 'CN(C)C(=O)CCl')]","['Williamson_ether_synthesis', 'TBS_alcohol_deprotection', 'Williamson_ether_synthesis']",3,x0922-x0739-merge-2-2,A71EV2A-x0922_A_147_A71EV2A-x0501+A+152+1 A71EV2A-x0739_A_147_A71EV2A-x0501+A+152+1
56,Cc1cc(OCC(=O)N(C)C)cc(OCC(=O)N2CCOCC2)c1,WFKUTQSRODQJFO-UHFFFAOYSA-N,"['Ax0739a', 'Ax0922a']","[('Cc1cc(OCc2ccccc2)cc(O)c1', 'O=C(CCl)N1CCOCC1'), 'Cc1cc(OCC(=O)N2CCOCC2)cc(OCc2ccccc2)c1', ('Cc1cc(O)cc(OCC(=O)N2CCOCC2)c1', 'CN(C)C(=O)CCl')]","['Williamson_ether_synthesis', 'Benzyl_alcohol_deprotection', 'Williamson_ether_synthesis']",3,x0922-x0739-merge-2-3,A71EV2A-x0922_A_147_A71EV2A-x0501+A+152+1 A71EV2A-x0739_A_147_A71EV2A-x0501+A+152+1
57,CN(C)C(=O)COc1ccnc(OCC(=O)N2CCOCC2)c1,MFVVKWWGPFFRCH-UHFFFAOYSA-N,"['Ax0739a', 'Ax0922a']","[('Oc1cc(OCc2ccccc2)ccn1', 'O=C(CCl)N1CCOCC1'), 'O=C(COc1cc(OCc2ccccc2)ccn1)N1CCOCC1', ('O=C(COc1cc(O)ccn1)N1CCOCC1', 'CN(C)C(=O)CCl')]","['Williamson_ether_synthesis', 'Benzyl_alcohol_deprotection', 'Williamson_ether_synthesis']",3,x0922-x0739-merge-2-4,A71EV2A-x0922_A_147_A71EV2A-x0501+A+152+1 A71EV2A-x0739_A_147_A71EV2A-x0501+A+152+1
58,Cc1ccc(OCC(=O)N(C)C)cc1OCC(=O)N1CCOCC1,HWHRLRWYYRBVIM-UHFFFAOYSA-N,"['Ax0739a', 'Ax0922a']","[('Cc1ccc(OCc2ccccc2)cc1O', 'O=C(CCl)N1CCOCC1'), 'Cc1ccc(OCc2ccccc2)cc1OCC(=O)N1CCOCC1', ('Cc1ccc(O)cc1OCC(=O)N1CCOCC1', 'CN(C)C(=O)CCl')]","['Williamson_ether_synthesis', 'Benzyl_alcohol_deprotection', 'Williamson_ether_synthesis']",3,x0922-x0739-merge-2-5,A71EV2A-x0922_A_147_A71EV2A-x0501+A+152+1 A71EV2A-x0739_A_147_A71EV2A-x0501+A+152+1
59,Cc1ccc(OCC(=O)N2CCOCC2)cc1OCC(=O)N(C)C,ALCJNIPCFITZHL-UHFFFAOYSA-N,"['Ax0739a', 'Ax0922a']","[('Oc1cc(OCc2ccccc2)c(C)cc1', 'O=C(CCl)N1CCOCC1'), 'Cc1ccc(OCC(=O)N2CCOCC2)cc1OCc1ccccc1', ('Cc1ccc(OCC(=O)N2CCOCC2)cc1O', 'CN(C)C(=O)CCl')]","['Williamson_ether_synthesis', 'Benzyl_alcohol_deprotection', 'Williamson_ether_synthesis']",3,x0922-x0739-merge-2-6,A71EV2A-x0922_A_147_A71EV2A-x0501+A+152+1 A71EV2A-x0739_A_147_A71EV2A-x0501+A+152+1
60,CN(C)C(=O)COc1cncc(OCC(=O)N2CCOCC2)c1,VQRSSBXPBMCVSS-UHFFFAOYSA-N,"['Ax0739a', 'Ax0922a']","[('Oc1cncc(OCc2ccccc2)c1', 'O=C(CCl)N1CCOCC1'), 'O=C(COc1cncc(OCc2ccccc2)c1)N1CCOCC1', ('O=C(COc1cncc(O)c1)N1CCOCC1', 'CN(C)C(=O)CCl')]","['Williamson_ether_synthesis', 'Benzyl_alcohol_deprotection', 'Williamson_ether_synthesis']",3,x0922-x0739-merge-2-7,A71EV2A-x0922_A_147_A71EV2A-x0501+A+152+1 A71EV2A-x0739_A_147_A71EV2A-x0501+A+152+1
61,Cc1cc(NC(=O)C2CCCO2)cc(OCC(=O)N(C)C)c1,PQHLNDLJASDWNV-UHFFFAOYSA-N,"['Ax0416a', 'Ax0922a']","[('Cc1cc(O)cc(N)c1', 'O=C(O)C1CCCO1'), ('Cc1cc(O)cc(NC(=O)C2CCCO2)c1', 'CN(C)C(=O)CCl')]","['Amidation', 'Williamson_ether_synthesis']",2,x0922-x0416-merge-1-1,A71EV2A-x0922_A_147_A71EV2A-x0501+A+152+1 A71EV2A-x0416_A_147_A71EV2A-x0501+A+152+1
62,Cc1ccc(NC(=O)C2CCCO2)cc1OCC(=O)N(C)C,CGGHTLUHFDFCAS-UHFFFAOYSA-N,"['Ax0416a', 'Ax0922a']","[('Nc1cc(O)c(C)cc1', 'O=C(O)C1CCCO1'), ('Cc1ccc(NC(=O)C2CCCO2)cc1O', 'CN(C)C(=O)CCl')]","['Amidation', 'Williamson_ether_synthesis']",2,x0922-x0416-merge-1-8,A71EV2A-x0922_A_147_A71EV2A-x0501+A+152+1 A71EV2A-x0416_A_147_A71EV2A-x0501+A+152+1
63,Cc1cc(C)c(OCC(=O)N(C)C)cc1NC(=O)C1CCCO1,SRDGULMUCFCNKM-UHFFFAOYSA-N,"['Ax0416a', 'Ax0922a']","[('Nc1cc(O)c(C)cc1C', 'O=C(O)C1CCCO1'), ('Cc1cc(C)c(NC(=O)C2CCCO2)cc1O', 'CN(C)C(=O)CCl')]","['Amidation', 'Williamson_ether_synthesis']",2,x0922-x0416-merge-1-9,A71EV2A-x0922_A_147_A71EV2A-x0501+A+152+1 A71EV2A-x0416_A_147_A71EV2A-x0501+A+152+1
64,CN(C)C(=O)COc1cncc(NC(=O)C2CCCO2)c1,JOQRKFCIIQYZLX-UHFFFAOYSA-N,"['Ax0416a', 'Ax0922a']","[('Nc1cncc(O)c1', 'O=C(O)C1CCCO1'), ('O=C(Nc1cncc(O)c1)C1CCCO1', 'CN(C)C(=O)CCl')]","['Amidation', 'Williamson_ether_synthesis']",2,x0922-x0416-merge-1-10,A71EV2A-x0922_A_147_A71EV2A-x0501+A+152+1 A71EV2A-x0416_A_147_A71EV2A-x0501+A+152+1
65,N#CCC(=O)Nc1ccccc1(NC(=O)CO),LISNPGIFHAQIEO-UHFFFAOYSA-N,"['Ax0310a', 'Ax0732a']","[('CC(C)(C)OC(=O)Nc1ccccc1(N)', 'O=C(O)CO'), 'CC(C)(C)OC(=O)Nc1ccccc1(NC(=O)CO)', ('c1cccc(NC(=O)CO)c1(N)', 'N#CCC(=O)O')]","['Amidation', 'N-Boc_deprotection', 'Amidation']",3,x0310-x0732-merge-3-1,A71EV2A-x0310_A_147_A71EV2A-x0501+A+152+1 A71EV2A-x0732_A_201_A71EV2A-x0501+A+152+1
66,Cc1cc(NC(=O)CO)c(NC(=O)CC#N)cc1,HZNFTESFLXXWPL-UHFFFAOYSA-N,"['Ax0310a', 'Ax0732a']","[('CC(C)(C)OC(=O)Nc1ccc(C)cc1(N)', 'O=C(O)CO'), 'CC(C)(C)OC(=O)Nc1ccc(C)cc1(NC(=O)CO)', ('c1cc(C)cc(NC(=O)CO)c1(N)', 'N#CCC(=O)O')]","['Amidation', 'N-Boc_deprotection', 'Amidation']",3,x0310-x0732-merge-3-2,A71EV2A-x0310_A_147_A71EV2A-x0501+A+152+1 A71EV2A-x0732_A_201_A71EV2A-x0501+A+152+1
67,N#CCC(=O)Nc1ccncc1(NC(=O)CO),GCAQUNSOGCAEFO-UHFFFAOYSA-N,"['Ax0310a', 'Ax0732a']","[('CC(C)(C)OC(=O)Nc1ccncc1(N)', 'O=C(O)CO'), 'CC(C)(C)OC(=O)Nc1ccncc1(NC(=O)CO)', ('c1cncc(NC(=O)CO)c1(N)', 'N#CCC(=O)O')]","['Amidation', 'N-Boc_deprotection', 'Amidation']",3,x0310-x0732-merge-3-3,A71EV2A-x0310_A_147_A71EV2A-x0501+A+152+1 A71EV2A-x0732_A_201_A71EV2A-x0501+A+152+1
68,c1cc(NC(=O)CO)c(NC(=O)CC#N)cc1F,VXLLSVROUGTXAB-UHFFFAOYSA-N,"['Ax0310a', 'Ax0732a']","[('CC(C)(C)OC(=O)Nc1cc(F)ccc1(N)', 'O=C(O)CO'), 'CC(C)(C)OC(=O)Nc1cc(F)ccc1(NC(=O)CO)', ('c1c(F)ccc(NC(=O)CO)c1(N)', 'N#CCC(=O)O')]","['Amidation', 'N-Boc_deprotection', 'Amidation']",3,x0310-x0732-merge-3-6,A71EV2A-x0310_A_147_A71EV2A-x0501+A+152+1 A71EV2A-x0732_A_201_A71EV2A-x0501+A+152+1
69,c1cc(NC(=O)CO)c(NC(=O)CC#N)cc1C,YIPNWJATCFTMPP-UHFFFAOYSA-N,"['Ax0310a', 'Ax0732a']","[('CC(C)(C)OC(=O)Nc1cc(C)ccc1(N)', 'O=C(O)CO'), 'CC(C)(C)OC(=O)Nc1cc(C)ccc1(NC(=O)CO)', ('c1c(C)ccc(NC(=O)CO)c1(N)', 'N#CCC(=O)O')]","['Amidation', 'N-Boc_deprotection', 'Amidation']",3,x0310-x0732-merge-3-7,A71EV2A-x0310_A_147_A71EV2A-x0501+A+152+1 A71EV2A-x0732_A_201_A71EV2A-x0501+A+152+1
