,1_reaction,1_r1_smiles,1_r2_smiles,1_r_previous_product,1_product_smiles,2_reaction,2_r1_smiles,2_r2_smiles,2_r_previous_product,2_product_smiles,3_reaction,3_r1_smiles,3_r2_smiles,3_r_previous_product,3_product_smiles,4_reaction,4_r1_smiles,4_r2_smiles,4_r_previous_product,4_product_smiles,base_compound_smiles,num_steps,compound_set,batch,hits,name,base_compound_smiles,num_steps,compound_set,batch,hits,name
0,Amidation,Cn1ncc(NC(=O)OC(C)(C)C)c1N,O=C(O)C1CCCO1,,Cn1ncc(NC(=O)OC(C)(C)C)c1NC(=O)C1CCCO1,N-Boc_deprotection,Cn1ncc(NC(=O)OC(C)(C)C)c1NC(=O)C1CCCO1,,1.0,Cn1ncc(N)c1NC(=O)C1CCCO1,Amidation,Cn1ncc(N)c1NC(=O)C1CCCO1,N#CCC(=O)O,1.0,Cn1ncc(NC(=O)CC#N)c1NC(=O)C1CCCO1,,,,,,Cn1ncc(NC(=O)CC#N)c1NC(=O)C1CCCO1,3,x0310-x0416-merge-1-1,0,A71EV2A-x0310_A_147_A71EV2A-x0501+A+152+1 A71EV2A-x0416_A_147_A71EV2A-x0501+A+152+1,LXINEYASRREWNB-UHFFFAOYSA-N,Cn1ncc(NC(=O)CC#N)c1NC(=O)C1CCCO1,3,x0310-x0416-merge-1-1,0,A71EV2A-x0310_A_147_A71EV2A-x0501+A+152+1 A71EV2A-x0416_A_147_A71EV2A-x0501+A+152+1,LXINEYASRREWNB-UHFFFAOYSA-N
1,Amidation,CC(C)(C)OC(=O)Nc1cccc(N)c1,O=C(O)C1CCCO1,,CC(C)(C)OC(=O)Nc1cccc(NC(=O)C2CCCO2)c1,N-Boc_deprotection,CC(C)(C)OC(=O)Nc1cccc(NC(=O)C2CCCO2)c1,,1.0,Nc1cccc(NC(=O)C2CCCO2)c1,Amidation,Nc1cccc(NC(=O)C2CCCO2)c1,N#CCC(=O)O,1.0,N#CCC(=O)Nc1cccc(NC(=O)C2CCCO2)c1,,,,,,N#CCC(=O)Nc1cccc(NC(=O)C2CCCO2)c1,3,x0310-x0416-merge-2-1,0,A71EV2A-x0310_A_147_A71EV2A-x0501+A+152+1 A71EV2A-x0416_A_147_A71EV2A-x0501+A+152+1,BHKVBKDDVLQZCR-UHFFFAOYSA-N,N#CCC(=O)Nc1cccc(NC(=O)C2CCCO2)c1,3,x0310-x0416-merge-2-1,0,A71EV2A-x0310_A_147_A71EV2A-x0501+A+152+1 A71EV2A-x0416_A_147_A71EV2A-x0501+A+152+1,BHKVBKDDVLQZCR-UHFFFAOYSA-N
2,Amidation,CC(C)(C)OC(=O)Nc1cc(N)c(C)cc1,O=C(O)C1CCCO1,,Cc1ccc(NC(=O)OC(C)(C)C)cc1NC(=O)C1CCCO1,N-Boc_deprotection,Cc1ccc(NC(=O)OC(C)(C)C)cc1NC(=O)C1CCCO1,,1.0,Cc1ccc(N)cc1NC(=O)C1CCCO1,Amidation,Cc1ccc(N)cc1NC(=O)C1CCCO1,N#CCC(=O)O,1.0,Cc1ccc(NC(=O)CC#N)cc1NC(=O)C1CCCO1,,,,,,Cc1ccc(NC(=O)CC#N)cc1NC(=O)C1CCCO1,3,x0310-x0416-merge-2-2,0,A71EV2A-x0310_A_147_A71EV2A-x0501+A+152+1 A71EV2A-x0416_A_147_A71EV2A-x0501+A+152+1,CEQDLNCRDRYDKS-UHFFFAOYSA-N,Cc1ccc(NC(=O)CC#N)cc1NC(=O)C1CCCO1,3,x0310-x0416-merge-2-2,0,A71EV2A-x0310_A_147_A71EV2A-x0501+A+152+1 A71EV2A-x0416_A_147_A71EV2A-x0501+A+152+1,CEQDLNCRDRYDKS-UHFFFAOYSA-N
3,Amidation,Nc1cc(NC(=O)OC(C)(C)C)ccn1,O=C(O)C1CCCO1,,CC(C)(C)OC(=O)Nc1ccnc(NC(=O)C2CCCO2)c1,N-Boc_deprotection,CC(C)(C)OC(=O)Nc1ccnc(NC(=O)C2CCCO2)c1,,1.0,Nc1ccnc(NC(=O)C2CCCO2)c1,Amidation,Nc1ccnc(NC(=O)C2CCCO2)c1,N#CCC(=O)O,1.0,N#CCC(=O)Nc1ccnc(NC(=O)C2CCCO2)c1,,,,,,N#CCC(=O)Nc1ccnc(NC(=O)C2CCCO2)c1,3,x0310-x0416-merge-2-3,0,A71EV2A-x0310_A_147_A71EV2A-x0501+A+152+1 A71EV2A-x0416_A_147_A71EV2A-x0501+A+152+1,GHOYNZDJCPMSBM-UHFFFAOYSA-N,N#CCC(=O)Nc1ccnc(NC(=O)C2CCCO2)c1,3,x0310-x0416-merge-2-3,0,A71EV2A-x0310_A_147_A71EV2A-x0501+A+152+1 A71EV2A-x0416_A_147_A71EV2A-x0501+A+152+1,GHOYNZDJCPMSBM-UHFFFAOYSA-N
4,Amidation,CC(C)(C)OC(=O)Nc1cc(N)ccc1C,O=C(O)C1CCCO1,,Cc1ccc(NC(=O)C2CCCO2)cc1NC(=O)OC(C)(C)C,N-Boc_deprotection,Cc1ccc(NC(=O)C2CCCO2)cc1NC(=O)OC(C)(C)C,,1.0,Cc1ccc(NC(=O)C2CCCO2)cc1N,Amidation,Cc1ccc(NC(=O)C2CCCO2)cc1N,N#CCC(=O)O,1.0,Cc1ccc(NC(=O)C2CCCO2)cc1NC(=O)CC#N,,,,,,Cc1ccc(NC(=O)C2CCCO2)cc1NC(=O)CC#N,3,x0310-x0416-merge-2-4,0,A71EV2A-x0310_A_147_A71EV2A-x0501+A+152+1 A71EV2A-x0416_A_147_A71EV2A-x0501+A+152+1,BCPKNOZHZDDVQN-UHFFFAOYSA-N,Cc1ccc(NC(=O)C2CCCO2)cc1NC(=O)CC#N,3,x0310-x0416-merge-2-4,0,A71EV2A-x0310_A_147_A71EV2A-x0501+A+152+1 A71EV2A-x0416_A_147_A71EV2A-x0501+A+152+1,BCPKNOZHZDDVQN-UHFFFAOYSA-N
5,Amidation,CC(C)(C)OC(=O)Nc1cc(N)ccc1F,O=C(O)C1CCCO1,,CC(C)(C)OC(=O)Nc1cc(NC(=O)C2CCCO2)ccc1F,N-Boc_deprotection,CC(C)(C)OC(=O)Nc1cc(NC(=O)C2CCCO2)ccc1F,,1.0,Nc1cc(NC(=O)C2CCCO2)ccc1F,Amidation,Nc1cc(NC(=O)C2CCCO2)ccc1F,N#CCC(=O)O,1.0,N#CCC(=O)Nc1cc(NC(=O)C2CCCO2)ccc1F,,,,,,N#CCC(=O)Nc1cc(NC(=O)C2CCCO2)ccc1F,3,x0310-x0416-merge-2-6,0,A71EV2A-x0310_A_147_A71EV2A-x0501+A+152+1 A71EV2A-x0416_A_147_A71EV2A-x0501+A+152+1,UASLKFQKYXHLQJ-UHFFFAOYSA-N,N#CCC(=O)Nc1cc(NC(=O)C2CCCO2)ccc1F,3,x0310-x0416-merge-2-6,0,A71EV2A-x0310_A_147_A71EV2A-x0501+A+152+1 A71EV2A-x0416_A_147_A71EV2A-x0501+A+152+1,UASLKFQKYXHLQJ-UHFFFAOYSA-N
6,Amidation,CC(C)(C)OC(=O)Nc1cc(C)cc(N)c1,O=C(O)C1CCCO1,,Cc1cc(NC(=O)OC(C)(C)C)cc(NC(=O)C2CCCO2)c1,N-Boc_deprotection,Cc1cc(NC(=O)OC(C)(C)C)cc(NC(=O)C2CCCO2)c1,,1.0,Cc1cc(N)cc(NC(=O)C2CCCO2)c1,Amidation,Cc1cc(N)cc(NC(=O)C2CCCO2)c1,N#CCC(=O)O,1.0,Cc1cc(NC(=O)CC#N)cc(NC(=O)C2CCCO2)c1,,,,,,Cc1cc(NC(=O)CC#N)cc(NC(=O)C2CCCO2)c1,3,x0310-x0416-merge-2-7,0,A71EV2A-x0310_A_147_A71EV2A-x0501+A+152+1 A71EV2A-x0416_A_147_A71EV2A-x0501+A+152+1,GOUNARLEGNWPCP-UHFFFAOYSA-N,Cc1cc(NC(=O)CC#N)cc(NC(=O)C2CCCO2)c1,3,x0310-x0416-merge-2-7,0,A71EV2A-x0310_A_147_A71EV2A-x0501+A+152+1 A71EV2A-x0416_A_147_A71EV2A-x0501+A+152+1,GOUNARLEGNWPCP-UHFFFAOYSA-N
7,Amidation,Cn1ncc(NC(=O)OC(C)(C)C)c1N,O=C(O)CO,,Cn1ncc(NC(=O)OC(C)(C)C)c1NC(=O)CO,N-Boc_deprotection,Cn1ncc(NC(=O)OC(C)(C)C)c1NC(=O)CO,,1.0,Cn1ncc(N)c1NC(=O)CO,Amidation,Cn1ncc(N)c1NC(=O)CO,N#CCC(=O)O,1.0,Cn1ncc(NC(=O)CC#N)c1NC(=O)CO,,,,,,Cn1ncc(NC(=O)CC#N)c1NC(=O)CO,3,x0310-x0732-merge-1-1,0,A71EV2A-x0310_A_147_A71EV2A-x0501+A+152+1 A71EV2A-x0732_A_201_A71EV2A-x0501+A+152+1,DCIDJYONTYLQEI-UHFFFAOYSA-N,Cn1ncc(NC(=O)CC#N)c1NC(=O)CO,3,x0310-x0732-merge-1-1,0,A71EV2A-x0310_A_147_A71EV2A-x0501+A+152+1 A71EV2A-x0732_A_201_A71EV2A-x0501+A+152+1,DCIDJYONTYLQEI-UHFFFAOYSA-N
8,Amidation,CC(C)(C)OC(=O)Nc1cccc(N)c1,O=C(O)CO,,CC(C)(C)OC(=O)Nc1cccc(NC(=O)CO)c1,N-Boc_deprotection,CC(C)(C)OC(=O)Nc1cccc(NC(=O)CO)c1,,1.0,Nc1cccc(NC(=O)CO)c1,Amidation,Nc1cccc(NC(=O)CO)c1,N#CCC(=O)O,1.0,N#CCC(=O)Nc1cccc(NC(=O)CO)c1,,,,,,N#CCC(=O)Nc1cccc(NC(=O)CO)c1,3,x0310-x0732-merge-2-1,1,A71EV2A-x0310_A_147_A71EV2A-x0501+A+152+1 A71EV2A-x0732_A_201_A71EV2A-x0501+A+152+1,IGUPJTYXYZPOEC-UHFFFAOYSA-N,N#CCC(=O)Nc1cccc(NC(=O)CO)c1,3,x0310-x0732-merge-2-1,1,A71EV2A-x0310_A_147_A71EV2A-x0501+A+152+1 A71EV2A-x0732_A_201_A71EV2A-x0501+A+152+1,IGUPJTYXYZPOEC-UHFFFAOYSA-N
9,Amidation,CC(C)(C)OC(=O)Nc1cc(N)c(C)cc1,O=C(O)CO,,Cc1ccc(NC(=O)OC(C)(C)C)cc1NC(=O)CO,N-Boc_deprotection,Cc1ccc(NC(=O)OC(C)(C)C)cc1NC(=O)CO,,1.0,Cc1ccc(N)cc1NC(=O)CO,Amidation,Cc1ccc(N)cc1NC(=O)CO,N#CCC(=O)O,1.0,Cc1ccc(NC(=O)CC#N)cc1NC(=O)CO,,,,,,Cc1ccc(NC(=O)CC#N)cc1NC(=O)CO,3,x0310-x0732-merge-2-2,1,A71EV2A-x0310_A_147_A71EV2A-x0501+A+152+1 A71EV2A-x0732_A_201_A71EV2A-x0501+A+152+1,NBJGZNPZLLTJSQ-UHFFFAOYSA-N,Cc1ccc(NC(=O)CC#N)cc1NC(=O)CO,3,x0310-x0732-merge-2-2,1,A71EV2A-x0310_A_147_A71EV2A-x0501+A+152+1 A71EV2A-x0732_A_201_A71EV2A-x0501+A+152+1,NBJGZNPZLLTJSQ-UHFFFAOYSA-N
10,Amidation,Nc1cc(NC(=O)OC(C)(C)C)ccn1,O=C(O)CO,,CC(C)(C)OC(=O)Nc1ccnc(NC(=O)CO)c1,N-Boc_deprotection,CC(C)(C)OC(=O)Nc1ccnc(NC(=O)CO)c1,,1.0,Nc1ccnc(NC(=O)CO)c1,Amidation,Nc1ccnc(NC(=O)CO)c1,N#CCC(=O)O,1.0,N#CCC(=O)Nc1ccnc(NC(=O)CO)c1,,,,,,N#CCC(=O)Nc1ccnc(NC(=O)CO)c1,3,x0310-x0732-merge-2-3,1,A71EV2A-x0310_A_147_A71EV2A-x0501+A+152+1 A71EV2A-x0732_A_201_A71EV2A-x0501+A+152+1,ODONBPGOOMWOPQ-UHFFFAOYSA-N,N#CCC(=O)Nc1ccnc(NC(=O)CO)c1,3,x0310-x0732-merge-2-3,1,A71EV2A-x0310_A_147_A71EV2A-x0501+A+152+1 A71EV2A-x0732_A_201_A71EV2A-x0501+A+152+1,ODONBPGOOMWOPQ-UHFFFAOYSA-N
11,Amidation,CC(C)(C)OC(=O)Nc1cc(N)ccc1C,O=C(O)CO,,Cc1ccc(NC(=O)CO)cc1NC(=O)OC(C)(C)C,N-Boc_deprotection,Cc1ccc(NC(=O)CO)cc1NC(=O)OC(C)(C)C,,1.0,Cc1ccc(NC(=O)CO)cc1N,Amidation,Cc1ccc(NC(=O)CO)cc1N,N#CCC(=O)O,1.0,Cc1ccc(NC(=O)CO)cc1NC(=O)CC#N,,,,,,Cc1ccc(NC(=O)CO)cc1NC(=O)CC#N,3,x0310-x0732-merge-2-4,1,A71EV2A-x0310_A_147_A71EV2A-x0501+A+152+1 A71EV2A-x0732_A_201_A71EV2A-x0501+A+152+1,TYJSTJNCXZDPLY-UHFFFAOYSA-N,Cc1ccc(NC(=O)CO)cc1NC(=O)CC#N,3,x0310-x0732-merge-2-4,1,A71EV2A-x0310_A_147_A71EV2A-x0501+A+152+1 A71EV2A-x0732_A_201_A71EV2A-x0501+A+152+1,TYJSTJNCXZDPLY-UHFFFAOYSA-N
12,Amidation,CC(C)(C)OC(=O)Nc1cc(N)ccc1F,O=C(O)CO,,CC(C)(C)OC(=O)Nc1cc(NC(=O)CO)ccc1F,N-Boc_deprotection,CC(C)(C)OC(=O)Nc1cc(NC(=O)CO)ccc1F,,1.0,Nc1cc(NC(=O)CO)ccc1F,Amidation,Nc1cc(NC(=O)CO)ccc1F,N#CCC(=O)O,1.0,N#CCC(=O)Nc1cc(NC(=O)CO)ccc1F,,,,,,N#CCC(=O)Nc1cc(NC(=O)CO)ccc1F,3,x0310-x0732-merge-2-6,1,A71EV2A-x0310_A_147_A71EV2A-x0501+A+152+1 A71EV2A-x0732_A_201_A71EV2A-x0501+A+152+1,JVLRHPWRWSSGDH-UHFFFAOYSA-N,N#CCC(=O)Nc1cc(NC(=O)CO)ccc1F,3,x0310-x0732-merge-2-6,1,A71EV2A-x0310_A_147_A71EV2A-x0501+A+152+1 A71EV2A-x0732_A_201_A71EV2A-x0501+A+152+1,JVLRHPWRWSSGDH-UHFFFAOYSA-N
13,Amidation,CC(C)(C)OC(=O)Nc1cc(C)cc(N)c1,O=C(O)CO,,Cc1cc(NC(=O)CO)cc(NC(=O)OC(C)(C)C)c1,N-Boc_deprotection,Cc1cc(NC(=O)CO)cc(NC(=O)OC(C)(C)C)c1,,1.0,Cc1cc(N)cc(NC(=O)CO)c1,Amidation,Cc1cc(N)cc(NC(=O)CO)c1,N#CCC(=O)O,1.0,Cc1cc(NC(=O)CO)cc(NC(=O)CC#N)c1,,,,,,Cc1cc(NC(=O)CO)cc(NC(=O)CC#N)c1,3,x0310-x0732-merge-2-7,1,A71EV2A-x0310_A_147_A71EV2A-x0501+A+152+1 A71EV2A-x0732_A_201_A71EV2A-x0501+A+152+1,MBMRUNGQBMGNOP-UHFFFAOYSA-N,Cc1cc(NC(=O)CO)cc(NC(=O)CC#N)c1,3,x0310-x0732-merge-2-7,1,A71EV2A-x0310_A_147_A71EV2A-x0501+A+152+1 A71EV2A-x0732_A_201_A71EV2A-x0501+A+152+1,MBMRUNGQBMGNOP-UHFFFAOYSA-N
14,Amidation,Cc1cc(O)cc(N)c1,N#CCC(=O)O,,Cc1cc(O)cc(NC(=O)CC#N)c1,Williamson_ether_synthesis,Cc1cc(O)cc(NC(=O)CC#N)c1,O=C(CCl)N1CCOCC1,1.0,Cc1cc(NC(=O)CC#N)cc(OCC(=O)N2CCOCC2)c1,,,,,,,,,,,Cc1cc(NC(=O)CC#N)cc(OCC(=O)N2CCOCC2)c1,2,x0310-x0739-merge-2-1,1,A71EV2A-x0310_A_147_A71EV2A-x0501+A+152+1 A71EV2A-x0739_A_147_A71EV2A-x0501+A+152+1,FQGGXMVTNBDGEE-UHFFFAOYSA-N,Cc1cc(NC(=O)CC#N)cc(OCC(=O)N2CCOCC2)c1,2,x0310-x0739-merge-2-1,1,A71EV2A-x0310_A_147_A71EV2A-x0501+A+152+1 A71EV2A-x0739_A_147_A71EV2A-x0501+A+152+1,FQGGXMVTNBDGEE-UHFFFAOYSA-N
15,Amidation,Cc1cnc(O)cc1N,N#CCC(=O)O,,Cc1cnc(O)cc1NC(=O)CC#N,Williamson_ether_synthesis,Cc1cnc(O)cc1NC(=O)CC#N,O=C(CCl)N1CCOCC1,1.0,Cc1cnc(OCC(=O)N2CCOCC2)cc1NC(=O)CC#N,,,,,,,,,,,Cc1cnc(OCC(=O)N2CCOCC2)cc1NC(=O)CC#N,2,x0310-x0739-merge-2-2,1,A71EV2A-x0310_A_147_A71EV2A-x0501+A+152+1 A71EV2A-x0739_A_147_A71EV2A-x0501+A+152+1,WCNAXNCVZXMWKF-UHFFFAOYSA-N,Cc1cnc(OCC(=O)N2CCOCC2)cc1NC(=O)CC#N,2,x0310-x0739-merge-2-2,1,A71EV2A-x0310_A_147_A71EV2A-x0501+A+152+1 A71EV2A-x0739_A_147_A71EV2A-x0501+A+152+1,WCNAXNCVZXMWKF-UHFFFAOYSA-N
16,Amidation,Nc1cccc(O)c1,N#CCC(=O)O,,N#CCC(=O)Nc1cccc(O)c1,Williamson_ether_synthesis,N#CCC(=O)Nc1cccc(O)c1,O=C(CCl)N1CCOCC1,1.0,N#CCC(=O)Nc1cccc(OCC(=O)N2CCOCC2)c1,,,,,,,,,,,N#CCC(=O)Nc1cccc(OCC(=O)N2CCOCC2)c1,2,x0310-x0739-merge-2-4,2,A71EV2A-x0310_A_147_A71EV2A-x0501+A+152+1 A71EV2A-x0739_A_147_A71EV2A-x0501+A+152+1,CLVVEVVTKNLLLU-UHFFFAOYSA-N,N#CCC(=O)Nc1cccc(OCC(=O)N2CCOCC2)c1,2,x0310-x0739-merge-2-4,2,A71EV2A-x0310_A_147_A71EV2A-x0501+A+152+1 A71EV2A-x0739_A_147_A71EV2A-x0501+A+152+1,CLVVEVVTKNLLLU-UHFFFAOYSA-N
17,Amidation,Cc1ccc(O)cc1N,N#CCC(=O)O,,Cc1ccc(O)cc1NC(=O)CC#N,Williamson_ether_synthesis,Cc1ccc(O)cc1NC(=O)CC#N,O=C(CCl)N1CCOCC1,1.0,Cc1ccc(OCC(=O)N2CCOCC2)cc1NC(=O)CC#N,,,,,,,,,,,Cc1ccc(OCC(=O)N2CCOCC2)cc1NC(=O)CC#N,2,x0310-x0739-merge-2-5,2,A71EV2A-x0310_A_147_A71EV2A-x0501+A+152+1 A71EV2A-x0739_A_147_A71EV2A-x0501+A+152+1,ZEEZCEGNYUPWRG-UHFFFAOYSA-N,Cc1ccc(OCC(=O)N2CCOCC2)cc1NC(=O)CC#N,2,x0310-x0739-merge-2-5,2,A71EV2A-x0310_A_147_A71EV2A-x0501+A+152+1 A71EV2A-x0739_A_147_A71EV2A-x0501+A+152+1,ZEEZCEGNYUPWRG-UHFFFAOYSA-N
18,Amidation,Fc1ccc(O)cc1N,N#CCC(=O)O,,N#CCC(=O)Nc1cc(O)ccc1F,Williamson_ether_synthesis,N#CCC(=O)Nc1cc(O)ccc1F,O=C(CCl)N1CCOCC1,1.0,N#CCC(=O)Nc1cc(OCC(=O)N2CCOCC2)ccc1F,,,,,,,,,,,N#CCC(=O)Nc1cc(OCC(=O)N2CCOCC2)ccc1F,2,x0310-x0739-merge-2-7,2,A71EV2A-x0310_A_147_A71EV2A-x0501+A+152+1 A71EV2A-x0739_A_147_A71EV2A-x0501+A+152+1,SXKJOQUQPNBOSA-UHFFFAOYSA-N,N#CCC(=O)Nc1cc(OCC(=O)N2CCOCC2)ccc1F,2,x0310-x0739-merge-2-7,2,A71EV2A-x0310_A_147_A71EV2A-x0501+A+152+1 A71EV2A-x0739_A_147_A71EV2A-x0501+A+152+1,SXKJOQUQPNBOSA-UHFFFAOYSA-N
19,Amidation,Nc1cc(O)c(C)cc1,N#CCC(=O)O,,Cc1ccc(NC(=O)CC#N)cc1O,Williamson_ether_synthesis,Cc1ccc(NC(=O)CC#N)cc1O,O=C(CCl)N1CCOCC1,1.0,Cc1ccc(NC(=O)CC#N)cc1OCC(=O)N1CCOCC1,,,,,,,,,,,Cc1ccc(NC(=O)CC#N)cc1OCC(=O)N1CCOCC1,2,x0310-x0739-merge-2-8,2,A71EV2A-x0310_A_147_A71EV2A-x0501+A+152+1 A71EV2A-x0739_A_147_A71EV2A-x0501+A+152+1,KYUARQFQJUCNFW-UHFFFAOYSA-N,Cc1ccc(NC(=O)CC#N)cc1OCC(=O)N1CCOCC1,2,x0310-x0739-merge-2-8,2,A71EV2A-x0310_A_147_A71EV2A-x0501+A+152+1 A71EV2A-x0739_A_147_A71EV2A-x0501+A+152+1,KYUARQFQJUCNFW-UHFFFAOYSA-N
20,Amidation,Nc1cc(O)c(C)cc1C,N#CCC(=O)O,,Cc1cc(C)c(NC(=O)CC#N)cc1O,Williamson_ether_synthesis,Cc1cc(C)c(NC(=O)CC#N)cc1O,O=C(CCl)N1CCOCC1,1.0,Cc1cc(C)c(OCC(=O)N2CCOCC2)cc1NC(=O)CC#N,,,,,,,,,,,Cc1cc(C)c(OCC(=O)N2CCOCC2)cc1NC(=O)CC#N,2,x0310-x0739-merge-2-9,2,A71EV2A-x0310_A_147_A71EV2A-x0501+A+152+1 A71EV2A-x0739_A_147_A71EV2A-x0501+A+152+1,AKCZIULVMOLGHC-UHFFFAOYSA-N,Cc1cc(C)c(OCC(=O)N2CCOCC2)cc1NC(=O)CC#N,2,x0310-x0739-merge-2-9,2,A71EV2A-x0310_A_147_A71EV2A-x0501+A+152+1 A71EV2A-x0739_A_147_A71EV2A-x0501+A+152+1,AKCZIULVMOLGHC-UHFFFAOYSA-N
21,Amidation,Nc1cncc(O)c1,N#CCC(=O)O,,N#CCC(=O)Nc1cncc(O)c1,Williamson_ether_synthesis,N#CCC(=O)Nc1cncc(O)c1,O=C(CCl)N1CCOCC1,1.0,N#CCC(=O)Nc1cncc(OCC(=O)N2CCOCC2)c1,,,,,,,,,,,N#CCC(=O)Nc1cncc(OCC(=O)N2CCOCC2)c1,2,x0310-x0739-merge-2-10,2,A71EV2A-x0310_A_147_A71EV2A-x0501+A+152+1 A71EV2A-x0739_A_147_A71EV2A-x0501+A+152+1,XNQQWKFGJZTTEX-UHFFFAOYSA-N,N#CCC(=O)Nc1cncc(OCC(=O)N2CCOCC2)c1,2,x0310-x0739-merge-2-10,2,A71EV2A-x0310_A_147_A71EV2A-x0501+A+152+1 A71EV2A-x0739_A_147_A71EV2A-x0501+A+152+1,XNQQWKFGJZTTEX-UHFFFAOYSA-N
22,Amidation,Nc1ccnc(O)c1,N#CCC(=O)O,,N#CCC(=O)Nc1ccnc(O)c1,Williamson_ether_synthesis,N#CCC(=O)Nc1ccnc(O)c1,O=C(CCl)N1CCOCC1,1.0,N#CCC(=O)Nc1ccnc(OCC(=O)N2CCOCC2)c1,,,,,,,,,,,N#CCC(=O)Nc1ccnc(OCC(=O)N2CCOCC2)c1,2,x0310-x0739-merge-2-11,2,A71EV2A-x0310_A_147_A71EV2A-x0501+A+152+1 A71EV2A-x0739_A_147_A71EV2A-x0501+A+152+1,CVBLKWHDGHXHMC-UHFFFAOYSA-N,N#CCC(=O)Nc1ccnc(OCC(=O)N2CCOCC2)c1,2,x0310-x0739-merge-2-11,2,A71EV2A-x0310_A_147_A71EV2A-x0501+A+152+1 A71EV2A-x0739_A_147_A71EV2A-x0501+A+152+1,CVBLKWHDGHXHMC-UHFFFAOYSA-N
23,Nucleophilic_substitution,O=C(c1ccc(F)cc1Cl)N(C)C,O=C1C(O)CCN1C,,CN(C)C(=O)c1ccc(F)cc1OC1CCN(C)C1=O,,,,,,,,,,,,,,,,CN(C)C(=O)c1ccc(F)cc1OC1CCN(C)C1=O,1,x0528-x0450-merge-1-1,2,A71EV2A-x0528_A_147_A71EV2A-x0501+A+152+1 A71EV2A-x0450_A_201_A71EV2A-x0501+A+152+1,OTTBQIGJBPRLCN-UHFFFAOYSA-N,CN(C)C(=O)c1ccc(F)cc1OC1CCN(C)C1=O,1,x0528-x0450-merge-1-1,2,A71EV2A-x0528_A_147_A71EV2A-x0501+A+152+1 A71EV2A-x0450_A_201_A71EV2A-x0501+A+152+1,OTTBQIGJBPRLCN-UHFFFAOYSA-N
24,Nucleophilic_substitution,CN(C)C(=O)c1ccccc1Cl,O=C1C(O)CCN1C,,CN(C)C(=O)c1ccccc1OC1CCN(C)C1=O,,,,,,,,,,,,,,,,CN(C)C(=O)c1ccccc1OC1CCN(C)C1=O,1,x0528-x0450-merge-1-2,3,A71EV2A-x0528_A_147_A71EV2A-x0501+A+152+1 A71EV2A-x0450_A_201_A71EV2A-x0501+A+152+1,CKSCOKHGLICLHQ-UHFFFAOYSA-N,CN(C)C(=O)c1ccccc1OC1CCN(C)C1=O,1,x0528-x0450-merge-1-2,3,A71EV2A-x0528_A_147_A71EV2A-x0501+A+152+1 A71EV2A-x0450_A_201_A71EV2A-x0501+A+152+1,CKSCOKHGLICLHQ-UHFFFAOYSA-N
25,Williamson_ether_synthesis,C[Si](C)(Oc1ccccc1O)C(C)(C)C,O=C1C(Cl)CCN1C,,CN1CCC(Oc2ccccc2O[Si](C)(C)C(C)(C)C)C1=O,TBS_alcohol_deprotection,CN1CCC(Oc2ccccc2O[Si](C)(C)C(C)(C)C)C1=O,,1.0,CN1CCC(Oc2ccccc2O)C1=O,Williamson_ether_synthesis,CN1CCC(Oc2ccccc2O)C1=O,O=C(CCl)N1CCOCC1,1.0,CN1CCC(Oc2ccccc2OCC(=O)N2CCOCC2)C1=O,,,,,,CN1CCC(Oc2ccccc2OCC(=O)N2CCOCC2)C1=O,3,x0528-x0739-merge-1-1,3,A71EV2A-x0528_A_147_A71EV2A-x0501+A+152+1 A71EV2A-x0739_A_147_A71EV2A-x0501+A+152+1,QDEXMOJNLWMDJW-UHFFFAOYSA-N,CN1CCC(Oc2ccccc2OCC(=O)N2CCOCC2)C1=O,3,x0528-x0739-merge-1-1,3,A71EV2A-x0528_A_147_A71EV2A-x0501+A+152+1 A71EV2A-x0739_A_147_A71EV2A-x0501+A+152+1,QDEXMOJNLWMDJW-UHFFFAOYSA-N
26,Williamson_ether_synthesis,Cc1cccc(O)c1OCc1ccccc1,O=C1C(Cl)CCN1C,,Cc1cccc(OC2CCN(C)C2=O)c1OCc1ccccc1,Benzyl_alcohol_deprotection,Cc1cccc(OC2CCN(C)C2=O)c1OCc1ccccc1,,1.0,Cc1cccc(OC2CCN(C)C2=O)c1O,Williamson_ether_synthesis,Cc1cccc(OC2CCN(C)C2=O)c1O,O=C(CCl)N1CCOCC1,1.0,Cc1cccc(OC2CCN(C)C2=O)c1OCC(=O)N1CCOCC1,,,,,,Cc1cccc(OC2CCN(C)C2=O)c1OCC(=O)N1CCOCC1,3,x0528-x0739-merge-1-2,3,A71EV2A-x0528_A_147_A71EV2A-x0501+A+152+1 A71EV2A-x0739_A_147_A71EV2A-x0501+A+152+1,UASUHFYDLOTSPQ-UHFFFAOYSA-N,Cc1cccc(OC2CCN(C)C2=O)c1OCC(=O)N1CCOCC1,3,x0528-x0739-merge-1-2,3,A71EV2A-x0528_A_147_A71EV2A-x0501+A+152+1 A71EV2A-x0739_A_147_A71EV2A-x0501+A+152+1,UASUHFYDLOTSPQ-UHFFFAOYSA-N
27,Williamson_ether_synthesis,Cc1cc(O)c(OCc2ccccc2)c(C)c1,O=C1C(Cl)CCN1C,,Cc1cc(C)c(OCc2ccccc2)c(OC2CCN(C)C2=O)c1,Benzyl_alcohol_deprotection,Cc1cc(C)c(OCc2ccccc2)c(OC2CCN(C)C2=O)c1,,1.0,Cc1cc(C)c(O)c(OC2CCN(C)C2=O)c1,Williamson_ether_synthesis,Cc1cc(C)c(O)c(OC2CCN(C)C2=O)c1,O=C(CCl)N1CCOCC1,1.0,Cc1cc(C)c(OCC(=O)N2CCOCC2)c(OC2CCN(C)C2=O)c1,,,,,,Cc1cc(C)c(OCC(=O)N2CCOCC2)c(OC2CCN(C)C2=O)c1,3,x0528-x0739-merge-1-3,3,A71EV2A-x0528_A_147_A71EV2A-x0501+A+152+1 A71EV2A-x0739_A_147_A71EV2A-x0501+A+152+1,WKZRUHMHRSTISJ-UHFFFAOYSA-N,Cc1cc(C)c(OCC(=O)N2CCOCC2)c(OC2CCN(C)C2=O)c1,3,x0528-x0739-merge-1-3,3,A71EV2A-x0528_A_147_A71EV2A-x0501+A+152+1 A71EV2A-x0739_A_147_A71EV2A-x0501+A+152+1,WKZRUHMHRSTISJ-UHFFFAOYSA-N
28,Williamson_ether_synthesis,Cc1cc(OCc2ccccc2)c(O)cc1,O=C1C(Cl)CCN1C,,Cc1ccc(OC2CCN(C)C2=O)c(OCc2ccccc2)c1,Benzyl_alcohol_deprotection,Cc1ccc(OC2CCN(C)C2=O)c(OCc2ccccc2)c1,,1.0,Cc1ccc(OC2CCN(C)C2=O)c(O)c1,Williamson_ether_synthesis,Cc1ccc(OC2CCN(C)C2=O)c(O)c1,O=C(CCl)N1CCOCC1,1.0,Cc1ccc(OC2CCN(C)C2=O)c(OCC(=O)N2CCOCC2)c1,,,,,,Cc1ccc(OC2CCN(C)C2=O)c(OCC(=O)N2CCOCC2)c1,3,x0528-x0739-merge-1-4,3,A71EV2A-x0528_A_147_A71EV2A-x0501+A+152+1 A71EV2A-x0739_A_147_A71EV2A-x0501+A+152+1,BRPRTCVLXGUWHL-UHFFFAOYSA-N,Cc1ccc(OC2CCN(C)C2=O)c(OCC(=O)N2CCOCC2)c1,3,x0528-x0739-merge-1-4,3,A71EV2A-x0528_A_147_A71EV2A-x0501+A+152+1 A71EV2A-x0739_A_147_A71EV2A-x0501+A+152+1,BRPRTCVLXGUWHL-UHFFFAOYSA-N
29,Williamson_ether_synthesis,Cc1cnc(OCc2ccccc2)c(O)c1,O=C1C(Cl)CCN1C,,Cc1cnc(OCc2ccccc2)c(OC2CCN(C)C2=O)c1,Benzyl_alcohol_deprotection,Cc1cnc(OCc2ccccc2)c(OC2CCN(C)C2=O)c1,,1.0,Cc1cnc(O)c(OC2CCN(C)C2=O)c1,Williamson_ether_synthesis,Cc1cnc(O)c(OC2CCN(C)C2=O)c1,O=C(CCl)N1CCOCC1,1.0,Cc1cnc(OCC(=O)N2CCOCC2)c(OC2CCN(C)C2=O)c1,,,,,,Cc1cnc(OCC(=O)N2CCOCC2)c(OC2CCN(C)C2=O)c1,3,x0528-x0739-merge-1-5,3,A71EV2A-x0528_A_147_A71EV2A-x0501+A+152+1 A71EV2A-x0739_A_147_A71EV2A-x0501+A+152+1,WAIPLHISPZPDCO-UHFFFAOYSA-N,Cc1cnc(OCC(=O)N2CCOCC2)c(OC2CCN(C)C2=O)c1,3,x0528-x0739-merge-1-5,3,A71EV2A-x0528_A_147_A71EV2A-x0501+A+152+1 A71EV2A-x0739_A_147_A71EV2A-x0501+A+152+1,WAIPLHISPZPDCO-UHFFFAOYSA-N
30,Amidation,Brc1c(N)cccc1NC(=O)OC(C)(C)C,CC(=O)O,,CC(=O)Nc1cccc(NC(=O)OC(C)(C)C)c1Br,N-Boc_deprotection,CC(=O)Nc1cccc(NC(=O)OC(C)(C)C)c1Br,,1.0,CC(=O)Nc1cccc(N)c1Br,Amidation,CC(=O)Nc1cccc(N)c1Br,CC(=O)O,1.0,CC(=O)Nc1cccc(NC(C)=O)c1Br,Sp3-sp2_Suzuki_coupling,CC(=O)Nc1cccc(NC(C)=O)c1Br,CC1(C)OB(CNS(C)(=O)=O)OC1(C)C,1.0,CC(=O)Nc1cccc(NC(C)=O)c1CNS(C)(=O)=O,CC(=O)Nc1cccc(NC(C)=O)c1CNS(C)(=O)=O,4,x0884-x0719-merge-1-1,3,A71EV2A-x0884_A_147_A71EV2A-x0501+A+152+1 A71EV2A-x0719_A_301_A71EV2A-x0501+A+152+1,GNGHXHDPKASYTF-UHFFFAOYSA-N,CC(=O)Nc1cccc(NC(C)=O)c1CNS(C)(=O)=O,4,x0884-x0719-merge-1-1,3,A71EV2A-x0884_A_147_A71EV2A-x0501+A+152+1 A71EV2A-x0719_A_301_A71EV2A-x0501+A+152+1,GNGHXHDPKASYTF-UHFFFAOYSA-N
31,Amidation,Fc1ccc(O)c(Br)c1N,CC(=O)O,,CC(=O)Nc1c(F)ccc(O)c1Br,Williamson_ether_synthesis,CC(=O)Nc1c(F)ccc(O)c1Br,CN(C)C(=O)CCl,1.0,CC(=O)Nc1c(F)ccc(OCC(=O)N(C)C)c1Br,Sp3-sp2_Suzuki_coupling,CC(=O)Nc1c(F)ccc(OCC(=O)N(C)C)c1Br,CC1(C)OB(CNS(C)(=O)=O)OC1(C)C,1.0,CC(=O)Nc1c(CNS(C)(=O)=O)ccc(OCC(=O)N(C)C)c1Br,,,,,,CC(=O)Nc1c(CNS(C)(=O)=O)ccc(OCC(=O)N(C)C)c1Br,3,x0884-x0719-x0922-merge-2-1,3,A71EV2A-x0884_A_147_A71EV2A-x0501+A+152+1 A71EV2A-x0719_A_301_A71EV2A-x0501+A+152+1 A71EV2A-x0922_A_147_A71EV2A-x0501+A+152+1,STIQFIHEOJHUKS-UHFFFAOYSA-N,CC(=O)Nc1c(CNS(C)(=O)=O)ccc(OCC(=O)N(C)C)c1Br,3,x0884-x0719-x0922-merge-2-1,3,A71EV2A-x0884_A_147_A71EV2A-x0501+A+152+1 A71EV2A-x0719_A_301_A71EV2A-x0501+A+152+1 A71EV2A-x0922_A_147_A71EV2A-x0501+A+152+1,STIQFIHEOJHUKS-UHFFFAOYSA-N
32,Amidation,Nc1cccc(O)c1Br,CC(=O)O,,CC(=O)Nc1cccc(O)c1Br,Williamson_ether_synthesis,CC(=O)Nc1cccc(O)c1Br,CN(C)C(=O)CCl,1.0,CC(=O)Nc1cccc(OCC(=O)N(C)C)c1Br,Sp3-sp2_Suzuki_coupling,CC(=O)Nc1cccc(OCC(=O)N(C)C)c1Br,CC1(C)OB(CNS(C)(=O)=O)OC1(C)C,1.0,CC(=O)Nc1cccc(OCC(=O)N(C)C)c1CNS(C)(=O)=O,,,,,,CC(=O)Nc1cccc(OCC(=O)N(C)C)c1CNS(C)(=O)=O,3,x0884-x0719-x0922-merge-2-2,3,A71EV2A-x0884_A_147_A71EV2A-x0501+A+152+1 A71EV2A-x0719_A_301_A71EV2A-x0501+A+152+1 A71EV2A-x0922_A_147_A71EV2A-x0501+A+152+1,YZOOPOJBAXYWAO-UHFFFAOYSA-N,CC(=O)Nc1cccc(OCC(=O)N(C)C)c1CNS(C)(=O)=O,3,x0884-x0719-x0922-merge-2-2,3,A71EV2A-x0884_A_147_A71EV2A-x0501+A+152+1 A71EV2A-x0719_A_301_A71EV2A-x0501+A+152+1 A71EV2A-x0922_A_147_A71EV2A-x0501+A+152+1,YZOOPOJBAXYWAO-UHFFFAOYSA-N
33,Amidation,CC(C)(C)OC(=O)Nc1c(C)cccc1N,CC(=O)O,,CC(=O)Nc1cccc(C)c1NC(=O)OC(C)(C)C,N-Boc_deprotection,CC(=O)Nc1cccc(C)c1NC(=O)OC(C)(C)C,,1.0,CC(=O)Nc1cccc(C)c1N,Amidation,CC(=O)Nc1cccc(C)c1N,O=C(O)CO,1.0,CC(=O)Nc1cccc(C)c1NC(=O)CO,,,,,,CC(=O)Nc1cccc(C)c1NC(=O)CO,3,x0884-x0732-merge-2-1,3,A71EV2A-x0884_A_147_A71EV2A-x0501+A+152+1 A71EV2A-x0732_A_201_A71EV2A-x0501+A+152+1,HTQKETIGMLSVKZ-UHFFFAOYSA-N,CC(=O)Nc1cccc(C)c1NC(=O)CO,3,x0884-x0732-merge-2-1,3,A71EV2A-x0884_A_147_A71EV2A-x0501+A+152+1 A71EV2A-x0732_A_201_A71EV2A-x0501+A+152+1,HTQKETIGMLSVKZ-UHFFFAOYSA-N
34,Amidation,CC(C)(C)OC(=O)Nc1ccccc1N,CC(=O)O,,CC(=O)Nc1ccccc1NC(=O)OC(C)(C)C,N-Boc_deprotection,CC(=O)Nc1ccccc1NC(=O)OC(C)(C)C,,1.0,CC(=O)Nc1ccccc1N,Amidation,CC(=O)Nc1ccccc1N,O=C(O)CO,1.0,CC(=O)Nc1ccccc1NC(=O)CO,,,,,,CC(=O)Nc1ccccc1NC(=O)CO,3,x0884-x0732-merge-2-2,4,A71EV2A-x0884_A_147_A71EV2A-x0501+A+152+1 A71EV2A-x0732_A_201_A71EV2A-x0501+A+152+1,XIPUDWAUXVXPNO-UHFFFAOYSA-N,CC(=O)Nc1ccccc1NC(=O)CO,3,x0884-x0732-merge-2-2,4,A71EV2A-x0884_A_147_A71EV2A-x0501+A+152+1 A71EV2A-x0732_A_201_A71EV2A-x0501+A+152+1,XIPUDWAUXVXPNO-UHFFFAOYSA-N
35,Amidation,CC(C)(C)OC(=O)Nc1ccc(C)cc1N,CC(=O)O,,CC(=O)Nc1cc(C)ccc1NC(=O)OC(C)(C)C,N-Boc_deprotection,CC(=O)Nc1cc(C)ccc1NC(=O)OC(C)(C)C,,1.0,CC(=O)Nc1cc(C)ccc1N,Amidation,CC(=O)Nc1cc(C)ccc1N,O=C(O)CO,1.0,CC(=O)Nc1cc(C)ccc1NC(=O)CO,,,,,,CC(=O)Nc1cc(C)ccc1NC(=O)CO,3,x0884-x0732-merge-2-3,4,A71EV2A-x0884_A_147_A71EV2A-x0501+A+152+1 A71EV2A-x0732_A_201_A71EV2A-x0501+A+152+1,PQJGLHUZTOLOOJ-UHFFFAOYSA-N,CC(=O)Nc1cc(C)ccc1NC(=O)CO,3,x0884-x0732-merge-2-3,4,A71EV2A-x0884_A_147_A71EV2A-x0501+A+152+1 A71EV2A-x0732_A_201_A71EV2A-x0501+A+152+1,PQJGLHUZTOLOOJ-UHFFFAOYSA-N
36,Amidation,CC(C)(C)OC(=O)Nc1cc(C)ccc1N,CC(=O)O,,CC(=O)Nc1ccc(C)cc1NC(=O)OC(C)(C)C,N-Boc_deprotection,CC(=O)Nc1ccc(C)cc1NC(=O)OC(C)(C)C,,1.0,CC(=O)Nc1ccc(C)cc1N,Amidation,CC(=O)Nc1ccc(C)cc1N,O=C(O)CO,1.0,CC(=O)Nc1ccc(C)cc1NC(=O)CO,,,,,,CC(=O)Nc1ccc(C)cc1NC(=O)CO,3,x0884-x0732-merge-2-4,4,A71EV2A-x0884_A_147_A71EV2A-x0501+A+152+1 A71EV2A-x0732_A_201_A71EV2A-x0501+A+152+1,FQFPAZZORQAFOQ-UHFFFAOYSA-N,CC(=O)Nc1ccc(C)cc1NC(=O)CO,3,x0884-x0732-merge-2-4,4,A71EV2A-x0884_A_147_A71EV2A-x0501+A+152+1 A71EV2A-x0732_A_201_A71EV2A-x0501+A+152+1,FQFPAZZORQAFOQ-UHFFFAOYSA-N
37,Amidation,CC(C)(C)OC(=O)Nc1c(F)cccc1N,CC(=O)O,,CC(=O)Nc1cccc(F)c1NC(=O)OC(C)(C)C,N-Boc_deprotection,CC(=O)Nc1cccc(F)c1NC(=O)OC(C)(C)C,,1.0,CC(=O)Nc1cccc(F)c1N,Amidation,CC(=O)Nc1cccc(F)c1N,O=C(O)CO,1.0,CC(=O)Nc1cccc(F)c1NC(=O)CO,,,,,,CC(=O)Nc1cccc(F)c1NC(=O)CO,3,x0884-x0732-merge-2-6,4,A71EV2A-x0884_A_147_A71EV2A-x0501+A+152+1 A71EV2A-x0732_A_201_A71EV2A-x0501+A+152+1,VKJZGMPIQHJVLA-UHFFFAOYSA-N,CC(=O)Nc1cccc(F)c1NC(=O)CO,3,x0884-x0732-merge-2-6,4,A71EV2A-x0884_A_147_A71EV2A-x0501+A+152+1 A71EV2A-x0732_A_201_A71EV2A-x0501+A+152+1,VKJZGMPIQHJVLA-UHFFFAOYSA-N
38,Amidation,CC(C)(C)OC(=O)Nc1cccc(N)c1,CC(=O)O,,CC(=O)Nc1cccc(NC(=O)OC(C)(C)C)c1,N-Boc_deprotection,CC(=O)Nc1cccc(NC(=O)OC(C)(C)C)c1,,1.0,CC(=O)Nc1cccc(N)c1,Amidation,CC(=O)Nc1cccc(N)c1,O=C(O)CO,1.0,CC(=O)Nc1cccc(NC(=O)CO)c1,,,,,,CC(=O)Nc1cccc(NC(=O)CO)c1,3,x0884-x0732-merge-3-1,4,A71EV2A-x0884_A_147_A71EV2A-x0501+A+152+1 A71EV2A-x0732_A_201_A71EV2A-x0501+A+152+1,OBUBWHPICUMDFS-UHFFFAOYSA-N,CC(=O)Nc1cccc(NC(=O)CO)c1,3,x0884-x0732-merge-3-1,4,A71EV2A-x0884_A_147_A71EV2A-x0501+A+152+1 A71EV2A-x0732_A_201_A71EV2A-x0501+A+152+1,OBUBWHPICUMDFS-UHFFFAOYSA-N
39,Amidation,CC(C)(C)OC(=O)Nc1cc(N)c(C)cc1,CC(=O)O,,CC(=O)Nc1cc(NC(=O)OC(C)(C)C)ccc1C,N-Boc_deprotection,CC(=O)Nc1cc(NC(=O)OC(C)(C)C)ccc1C,,1.0,CC(=O)Nc1cc(N)ccc1C,Amidation,CC(=O)Nc1cc(N)ccc1C,O=C(O)CO,1.0,CC(=O)Nc1cc(NC(=O)CO)ccc1C,,,,,,CC(=O)Nc1cc(NC(=O)CO)ccc1C,3,x0884-x0732-merge-3-2,4,A71EV2A-x0884_A_147_A71EV2A-x0501+A+152+1 A71EV2A-x0732_A_201_A71EV2A-x0501+A+152+1,GESKIQUAEAEKEC-UHFFFAOYSA-N,CC(=O)Nc1cc(NC(=O)CO)ccc1C,3,x0884-x0732-merge-3-2,4,A71EV2A-x0884_A_147_A71EV2A-x0501+A+152+1 A71EV2A-x0732_A_201_A71EV2A-x0501+A+152+1,GESKIQUAEAEKEC-UHFFFAOYSA-N
40,Amidation,Nc1cc(NC(=O)OC(C)(C)C)ccn1,CC(=O)O,,CC(=O)Nc1cc(NC(=O)OC(C)(C)C)ccn1,N-Boc_deprotection,CC(=O)Nc1cc(NC(=O)OC(C)(C)C)ccn1,,1.0,CC(=O)Nc1cc(N)ccn1,Amidation,CC(=O)Nc1cc(N)ccn1,O=C(O)CO,1.0,CC(=O)Nc1cc(NC(=O)CO)ccn1,,,,,,CC(=O)Nc1cc(NC(=O)CO)ccn1,3,x0884-x0732-merge-3-3,4,A71EV2A-x0884_A_147_A71EV2A-x0501+A+152+1 A71EV2A-x0732_A_201_A71EV2A-x0501+A+152+1,FRTHHRMKZNHOHZ-UHFFFAOYSA-N,CC(=O)Nc1cc(NC(=O)CO)ccn1,3,x0884-x0732-merge-3-3,4,A71EV2A-x0884_A_147_A71EV2A-x0501+A+152+1 A71EV2A-x0732_A_201_A71EV2A-x0501+A+152+1,FRTHHRMKZNHOHZ-UHFFFAOYSA-N
41,Amidation,CC(C)(C)OC(=O)Nc1cc(N)ccc1C,CC(=O)O,,CC(=O)Nc1ccc(C)c(NC(=O)OC(C)(C)C)c1,N-Boc_deprotection,CC(=O)Nc1ccc(C)c(NC(=O)OC(C)(C)C)c1,,1.0,CC(=O)Nc1ccc(C)c(N)c1,Amidation,CC(=O)Nc1ccc(C)c(N)c1,O=C(O)CO,1.0,CC(=O)Nc1ccc(C)c(NC(=O)CO)c1,,,,,,CC(=O)Nc1ccc(C)c(NC(=O)CO)c1,3,x0884-x0732-merge-3-4,4,A71EV2A-x0884_A_147_A71EV2A-x0501+A+152+1 A71EV2A-x0732_A_201_A71EV2A-x0501+A+152+1,NBKVJXHGVIAVOZ-UHFFFAOYSA-N,CC(=O)Nc1ccc(C)c(NC(=O)CO)c1,3,x0884-x0732-merge-3-4,4,A71EV2A-x0884_A_147_A71EV2A-x0501+A+152+1 A71EV2A-x0732_A_201_A71EV2A-x0501+A+152+1,NBKVJXHGVIAVOZ-UHFFFAOYSA-N
42,Amidation,CC(C)(C)OC(=O)Nc1cc(N)ccc1F,CC(=O)O,,CC(=O)Nc1ccc(F)c(NC(=O)OC(C)(C)C)c1,N-Boc_deprotection,CC(=O)Nc1ccc(F)c(NC(=O)OC(C)(C)C)c1,,1.0,CC(=O)Nc1ccc(F)c(N)c1,Amidation,CC(=O)Nc1ccc(F)c(N)c1,O=C(O)CO,1.0,CC(=O)Nc1ccc(F)c(NC(=O)CO)c1,,,,,,CC(=O)Nc1ccc(F)c(NC(=O)CO)c1,3,x0884-x0732-merge-3-6,5,A71EV2A-x0884_A_147_A71EV2A-x0501+A+152+1 A71EV2A-x0732_A_201_A71EV2A-x0501+A+152+1,IQMJGAJBLUOSIO-UHFFFAOYSA-N,CC(=O)Nc1ccc(F)c(NC(=O)CO)c1,3,x0884-x0732-merge-3-6,5,A71EV2A-x0884_A_147_A71EV2A-x0501+A+152+1 A71EV2A-x0732_A_201_A71EV2A-x0501+A+152+1,IQMJGAJBLUOSIO-UHFFFAOYSA-N
43,Amidation,CC(C)(C)OC(=O)Nc1cc(C)cc(N)c1,CC(=O)O,,CC(=O)Nc1cc(C)cc(NC(=O)OC(C)(C)C)c1,N-Boc_deprotection,CC(=O)Nc1cc(C)cc(NC(=O)OC(C)(C)C)c1,,1.0,CC(=O)Nc1cc(C)cc(N)c1,Amidation,CC(=O)Nc1cc(C)cc(N)c1,O=C(O)CO,1.0,CC(=O)Nc1cc(C)cc(NC(=O)CO)c1,,,,,,CC(=O)Nc1cc(C)cc(NC(=O)CO)c1,3,x0884-x0732-merge-3-7,5,A71EV2A-x0884_A_147_A71EV2A-x0501+A+152+1 A71EV2A-x0732_A_201_A71EV2A-x0501+A+152+1,AQBGOYVDFRNQGD-UHFFFAOYSA-N,CC(=O)Nc1cc(C)cc(NC(=O)CO)c1,3,x0884-x0732-merge-3-7,5,A71EV2A-x0884_A_147_A71EV2A-x0501+A+152+1 A71EV2A-x0732_A_201_A71EV2A-x0501+A+152+1,AQBGOYVDFRNQGD-UHFFFAOYSA-N
44,Amidation,Oc1cccc(N)c1NC(=O)OC(C)(C)C,CC(=O)O,,CC(=O)Nc1cccc(O)c1NC(=O)OC(C)(C)C,N-Boc_deprotection,CC(=O)Nc1cccc(O)c1NC(=O)OC(C)(C)C,,1.0,CC(=O)Nc1cccc(O)c1N,Amidation,CC(=O)Nc1cccc(O)c1N,O=C(O)CO,1.0,CC(=O)Nc1cccc(O)c1NC(=O)CO,Williamson_ether_synthesis,CC(=O)Nc1cccc(O)c1NC(=O)CO,CN(C)C(=O)CCl,1.0,CC(=O)Nc1cccc(OCC(=O)N(C)C)c1NC(=O)CO,CC(=O)Nc1cccc(OCC(=O)N(C)C)c1NC(=O)CO,4,x0884-x0732-x0922-merge-1-1,5,A71EV2A-x0884_A_147_A71EV2A-x0501+A+152+1 A71EV2A-x0732_A_201_A71EV2A-x0501+A+152+1,PNVZAYIBWRTCMN-UHFFFAOYSA-N,CC(=O)Nc1cccc(OCC(=O)N(C)C)c1NC(=O)CO,4,x0884-x0732-x0922-merge-1-1,5,A71EV2A-x0884_A_147_A71EV2A-x0501+A+152+1 A71EV2A-x0732_A_201_A71EV2A-x0501+A+152+1,PNVZAYIBWRTCMN-UHFFFAOYSA-N
45,Amidation,Cc1cc(O)cc(N)c1,CC(=O)O,,CC(=O)Nc1cc(C)cc(O)c1,Williamson_ether_synthesis,CC(=O)Nc1cc(C)cc(O)c1,CN(C)C(=O)CCl,1.0,CC(=O)Nc1cc(C)cc(OCC(=O)N(C)C)c1,,,,,,,,,,,CC(=O)Nc1cc(C)cc(OCC(=O)N(C)C)c1,2,x0884-x0739-merge-3-1,5,A71EV2A-x0884_A_147_A71EV2A-x0501+A+152+1 A71EV2A-x0739_A_147_A71EV2A-x0501+A+152+1,SBHWNWCNYBGLJZ-UHFFFAOYSA-N,CC(=O)Nc1cc(C)cc(OCC(=O)N(C)C)c1,2,x0884-x0739-merge-3-1,5,A71EV2A-x0884_A_147_A71EV2A-x0501+A+152+1 A71EV2A-x0739_A_147_A71EV2A-x0501+A+152+1,SBHWNWCNYBGLJZ-UHFFFAOYSA-N
46,Amidation,Cc1cnc(O)cc1N,CC(=O)O,,CC(=O)Nc1cc(O)ncc1C,Williamson_ether_synthesis,CC(=O)Nc1cc(O)ncc1C,O=C(CCl)N1CCOCC1,1.0,CC(=O)Nc1cc(OCC(=O)N2CCOCC2)ncc1C,,,,,,,,,,,CC(=O)Nc1cc(OCC(=O)N2CCOCC2)ncc1C,2,x0884-x0739-merge-3-2,5,A71EV2A-x0884_A_147_A71EV2A-x0501+A+152+1 A71EV2A-x0739_A_147_A71EV2A-x0501+A+152+1,ZVTXJLVFUAMZRS-UHFFFAOYSA-N,CC(=O)Nc1cc(OCC(=O)N2CCOCC2)ncc1C,2,x0884-x0739-merge-3-2,5,A71EV2A-x0884_A_147_A71EV2A-x0501+A+152+1 A71EV2A-x0739_A_147_A71EV2A-x0501+A+152+1,ZVTXJLVFUAMZRS-UHFFFAOYSA-N
47,Amidation,Cc1cc(O)cc(N)c1,CC(=O)O,,CC(=O)Nc1cc(C)cc(O)c1,Williamson_ether_synthesis,CC(=O)Nc1cc(C)cc(O)c1,O=C(CCl)N1CCOCC1,1.0,CC(=O)Nc1cc(C)cc(OCC(=O)N2CCOCC2)c1,,,,,,,,,,,CC(=O)Nc1cc(C)cc(OCC(=O)N2CCOCC2)c1,2,x0884-x0739-merge-3-3,5,A71EV2A-x0884_A_147_A71EV2A-x0501+A+152+1 A71EV2A-x0739_A_147_A71EV2A-x0501+A+152+1,NMLCPEMTBQOHIE-UHFFFAOYSA-N,CC(=O)Nc1cc(C)cc(OCC(=O)N2CCOCC2)c1,2,x0884-x0739-merge-3-3,5,A71EV2A-x0884_A_147_A71EV2A-x0501+A+152+1 A71EV2A-x0739_A_147_A71EV2A-x0501+A+152+1,NMLCPEMTBQOHIE-UHFFFAOYSA-N
48,Amidation,Nc1cccc(O)c1,CC(=O)O,,CC(=O)Nc1cccc(O)c1,Williamson_ether_synthesis,CC(=O)Nc1cccc(O)c1,O=C(CCl)N1CCOCC1,1.0,CC(=O)Nc1cccc(OCC(=O)N2CCOCC2)c1,,,,,,,,,,,CC(=O)Nc1cccc(OCC(=O)N2CCOCC2)c1,2,x0884-x0739-merge-3-4,5,A71EV2A-x0884_A_147_A71EV2A-x0501+A+152+1 A71EV2A-x0739_A_147_A71EV2A-x0501+A+152+1,SMTYBWHFSAKKED-UHFFFAOYSA-N,CC(=O)Nc1cccc(OCC(=O)N2CCOCC2)c1,2,x0884-x0739-merge-3-4,5,A71EV2A-x0884_A_147_A71EV2A-x0501+A+152+1 A71EV2A-x0739_A_147_A71EV2A-x0501+A+152+1,SMTYBWHFSAKKED-UHFFFAOYSA-N
49,Amidation,Cc1ccc(O)cc1N,CC(=O)O,,CC(=O)Nc1cc(O)ccc1C,Williamson_ether_synthesis,CC(=O)Nc1cc(O)ccc1C,O=C(CCl)N1CCOCC1,1.0,CC(=O)Nc1cc(OCC(=O)N2CCOCC2)ccc1C,,,,,,,,,,,CC(=O)Nc1cc(OCC(=O)N2CCOCC2)ccc1C,2,x0884-x0739-merge-3-5,5,A71EV2A-x0884_A_147_A71EV2A-x0501+A+152+1 A71EV2A-x0739_A_147_A71EV2A-x0501+A+152+1,JKENRCTVZAQDOU-UHFFFAOYSA-N,CC(=O)Nc1cc(OCC(=O)N2CCOCC2)ccc1C,2,x0884-x0739-merge-3-5,5,A71EV2A-x0884_A_147_A71EV2A-x0501+A+152+1 A71EV2A-x0739_A_147_A71EV2A-x0501+A+152+1,JKENRCTVZAQDOU-UHFFFAOYSA-N
50,Amidation,Fc1ccc(O)cc1N,CC(=O)O,,CC(=O)Nc1cc(O)ccc1F,Williamson_ether_synthesis,CC(=O)Nc1cc(O)ccc1F,O=C(CCl)N1CCOCC1,1.0,CC(=O)Nc1cc(OCC(=O)N2CCOCC2)ccc1F,,,,,,,,,,,CC(=O)Nc1cc(OCC(=O)N2CCOCC2)ccc1F,2,x0884-x0739-merge-3-7,6,A71EV2A-x0884_A_147_A71EV2A-x0501+A+152+1 A71EV2A-x0739_A_147_A71EV2A-x0501+A+152+1,WMXYYSIGMVYKFL-UHFFFAOYSA-N,CC(=O)Nc1cc(OCC(=O)N2CCOCC2)ccc1F,2,x0884-x0739-merge-3-7,6,A71EV2A-x0884_A_147_A71EV2A-x0501+A+152+1 A71EV2A-x0739_A_147_A71EV2A-x0501+A+152+1,WMXYYSIGMVYKFL-UHFFFAOYSA-N
51,Amidation,Nc1cc(O)c(C)cc1,CC(=O)O,,CC(=O)Nc1ccc(C)c(O)c1,Williamson_ether_synthesis,CC(=O)Nc1ccc(C)c(O)c1,O=C(CCl)N1CCOCC1,1.0,CC(=O)Nc1ccc(C)c(OCC(=O)N2CCOCC2)c1,,,,,,,,,,,CC(=O)Nc1ccc(C)c(OCC(=O)N2CCOCC2)c1,2,x0884-x0739-merge-3-8,6,A71EV2A-x0884_A_147_A71EV2A-x0501+A+152+1 A71EV2A-x0739_A_147_A71EV2A-x0501+A+152+1,VDDVVUWBLUMWLR-UHFFFAOYSA-N,CC(=O)Nc1ccc(C)c(OCC(=O)N2CCOCC2)c1,2,x0884-x0739-merge-3-8,6,A71EV2A-x0884_A_147_A71EV2A-x0501+A+152+1 A71EV2A-x0739_A_147_A71EV2A-x0501+A+152+1,VDDVVUWBLUMWLR-UHFFFAOYSA-N
52,Amidation,Nc1cc(O)c(C)cc1C,CC(=O)O,,CC(=O)Nc1cc(O)c(C)cc1C,Williamson_ether_synthesis,CC(=O)Nc1cc(O)c(C)cc1C,O=C(CCl)N1CCOCC1,1.0,CC(=O)Nc1cc(OCC(=O)N2CCOCC2)c(C)cc1C,,,,,,,,,,,CC(=O)Nc1cc(OCC(=O)N2CCOCC2)c(C)cc1C,2,x0884-x0739-merge-3-9,6,A71EV2A-x0884_A_147_A71EV2A-x0501+A+152+1 A71EV2A-x0739_A_147_A71EV2A-x0501+A+152+1,JDJTZDXQRRYBMV-UHFFFAOYSA-N,CC(=O)Nc1cc(OCC(=O)N2CCOCC2)c(C)cc1C,2,x0884-x0739-merge-3-9,6,A71EV2A-x0884_A_147_A71EV2A-x0501+A+152+1 A71EV2A-x0739_A_147_A71EV2A-x0501+A+152+1,JDJTZDXQRRYBMV-UHFFFAOYSA-N
53,Amidation,Nc1cncc(O)c1,CC(=O)O,,CC(=O)Nc1cncc(O)c1,Williamson_ether_synthesis,CC(=O)Nc1cncc(O)c1,O=C(CCl)N1CCOCC1,1.0,CC(=O)Nc1cncc(OCC(=O)N2CCOCC2)c1,,,,,,,,,,,CC(=O)Nc1cncc(OCC(=O)N2CCOCC2)c1,2,x0884-x0739-merge-3-10,6,A71EV2A-x0884_A_147_A71EV2A-x0501+A+152+1 A71EV2A-x0739_A_147_A71EV2A-x0501+A+152+1,ZMNSQVIBTKNQGL-UHFFFAOYSA-N,CC(=O)Nc1cncc(OCC(=O)N2CCOCC2)c1,2,x0884-x0739-merge-3-10,6,A71EV2A-x0884_A_147_A71EV2A-x0501+A+152+1 A71EV2A-x0739_A_147_A71EV2A-x0501+A+152+1,ZMNSQVIBTKNQGL-UHFFFAOYSA-N
54,Amidation,Nc1ccnc(O)c1,CC(=O)O,,CC(=O)Nc1ccnc(O)c1,Williamson_ether_synthesis,CC(=O)Nc1ccnc(O)c1,O=C(CCl)N1CCOCC1,1.0,CC(=O)Nc1ccnc(OCC(=O)N2CCOCC2)c1,,,,,,,,,,,CC(=O)Nc1ccnc(OCC(=O)N2CCOCC2)c1,2,x0884-x0739-merge-3-11,6,A71EV2A-x0884_A_147_A71EV2A-x0501+A+152+1 A71EV2A-x0739_A_147_A71EV2A-x0501+A+152+1,BRSYMCNEXAIIKP-UHFFFAOYSA-N,CC(=O)Nc1ccnc(OCC(=O)N2CCOCC2)c1,2,x0884-x0739-merge-3-11,6,A71EV2A-x0884_A_147_A71EV2A-x0501+A+152+1 A71EV2A-x0739_A_147_A71EV2A-x0501+A+152+1,BRSYMCNEXAIIKP-UHFFFAOYSA-N
55,Amidation,Cc1cc(O)cc(N)c1,O=C(O)C1CCCO1,,Cc1cc(O)cc(NC(=O)C2CCCO2)c1,Williamson_ether_synthesis,Cc1cc(O)cc(NC(=O)C2CCCO2)c1,O=C1C(Cl)CCN1C,1.0,Cc1cc(NC(=O)C2CCCO2)cc(OC2CCN(C)C2=O)c1,,,,,,,,,,,Cc1cc(NC(=O)C2CCCO2)cc(OC2CCN(C)C2=O)c1,2,x0528-x0416-merge-1-1,6,A71EV2A-x0528_A_147_A71EV2A-x0501+A+152+1 A71EV2A-x0416_A_147_A71EV2A-x0501+A+152+1,APPQVEGAZDMLRK-UHFFFAOYSA-N,Cc1cc(NC(=O)C2CCCO2)cc(OC2CCN(C)C2=O)c1,2,x0528-x0416-merge-1-1,6,A71EV2A-x0528_A_147_A71EV2A-x0501+A+152+1 A71EV2A-x0416_A_147_A71EV2A-x0501+A+152+1,APPQVEGAZDMLRK-UHFFFAOYSA-N
56,Amidation,Cc1cnc(O)cc1N,O=C(O)C1CCCO1,,Cc1cnc(O)cc1NC(=O)C1CCCO1,Williamson_ether_synthesis,Cc1cnc(O)cc1NC(=O)C1CCCO1,O=C1C(Cl)CCN1C,1.0,Cc1cnc(OC2CCN(C)C2=O)cc1NC(=O)C1CCCO1,,,,,,,,,,,Cc1cnc(OC2CCN(C)C2=O)cc1NC(=O)C1CCCO1,2,x0528-x0416-merge-1-2,6,A71EV2A-x0528_A_147_A71EV2A-x0501+A+152+1 A71EV2A-x0416_A_147_A71EV2A-x0501+A+152+1,POCUJFWFNYSLBL-UHFFFAOYSA-N,Cc1cnc(OC2CCN(C)C2=O)cc1NC(=O)C1CCCO1,2,x0528-x0416-merge-1-2,6,A71EV2A-x0528_A_147_A71EV2A-x0501+A+152+1 A71EV2A-x0416_A_147_A71EV2A-x0501+A+152+1,POCUJFWFNYSLBL-UHFFFAOYSA-N
57,Amidation,Nc1cccc(O)c1,O=C(O)C1CCCO1,,O=C(Nc1cccc(O)c1)C1CCCO1,Williamson_ether_synthesis,O=C(Nc1cccc(O)c1)C1CCCO1,O=C1C(Cl)CCN1C,1.0,CN1CCC(Oc2cccc(NC(=O)C3CCCO3)c2)C1=O,,,,,,,,,,,CN1CCC(Oc2cccc(NC(=O)C3CCCO3)c2)C1=O,2,x0528-x0416-merge-1-4,6,A71EV2A-x0528_A_147_A71EV2A-x0501+A+152+1 A71EV2A-x0416_A_147_A71EV2A-x0501+A+152+1,VDXZGYJNKRBGHE-UHFFFAOYSA-N,CN1CCC(Oc2cccc(NC(=O)C3CCCO3)c2)C1=O,2,x0528-x0416-merge-1-4,6,A71EV2A-x0528_A_147_A71EV2A-x0501+A+152+1 A71EV2A-x0416_A_147_A71EV2A-x0501+A+152+1,VDXZGYJNKRBGHE-UHFFFAOYSA-N
58,Amidation,Cc1ccc(O)cc1N,O=C(O)C1CCCO1,,Cc1ccc(O)cc1NC(=O)C1CCCO1,Williamson_ether_synthesis,Cc1ccc(O)cc1NC(=O)C1CCCO1,O=C1C(Cl)CCN1C,1.0,Cc1ccc(OC2CCN(C)C2=O)cc1NC(=O)C1CCCO1,,,,,,,,,,,Cc1ccc(OC2CCN(C)C2=O)cc1NC(=O)C1CCCO1,2,x0528-x0416-merge-1-5,6,A71EV2A-x0528_A_147_A71EV2A-x0501+A+152+1 A71EV2A-x0416_A_147_A71EV2A-x0501+A+152+1,GVPFTUOBLWBNJI-UHFFFAOYSA-N,Cc1ccc(OC2CCN(C)C2=O)cc1NC(=O)C1CCCO1,2,x0528-x0416-merge-1-5,6,A71EV2A-x0528_A_147_A71EV2A-x0501+A+152+1 A71EV2A-x0416_A_147_A71EV2A-x0501+A+152+1,GVPFTUOBLWBNJI-UHFFFAOYSA-N
59,Amidation,Fc1ccc(O)cc1N,O=C(O)C1CCCO1,,O=C(Nc1cc(O)ccc1F)C1CCCO1,Williamson_ether_synthesis,O=C(Nc1cc(O)ccc1F)C1CCCO1,O=C1C(Cl)CCN1C,1.0,CN1CCC(Oc2ccc(F)c(NC(=O)C3CCCO3)c2)C1=O,,,,,,,,,,,CN1CCC(Oc2ccc(F)c(NC(=O)C3CCCO3)c2)C1=O,2,x0528-x0416-merge-1-7,7,A71EV2A-x0528_A_147_A71EV2A-x0501+A+152+1 A71EV2A-x0416_A_147_A71EV2A-x0501+A+152+1,FBNVFPGRCAQPCT-UHFFFAOYSA-N,CN1CCC(Oc2ccc(F)c(NC(=O)C3CCCO3)c2)C1=O,2,x0528-x0416-merge-1-7,7,A71EV2A-x0528_A_147_A71EV2A-x0501+A+152+1 A71EV2A-x0416_A_147_A71EV2A-x0501+A+152+1,FBNVFPGRCAQPCT-UHFFFAOYSA-N
60,Amidation,Nc1cc(O)c(C)cc1,O=C(O)C1CCCO1,,Cc1ccc(NC(=O)C2CCCO2)cc1O,Williamson_ether_synthesis,Cc1ccc(NC(=O)C2CCCO2)cc1O,O=C1C(Cl)CCN1C,1.0,Cc1ccc(NC(=O)C2CCCO2)cc1OC1CCN(C)C1=O,,,,,,,,,,,Cc1ccc(NC(=O)C2CCCO2)cc1OC1CCN(C)C1=O,2,x0528-x0416-merge-1-8,7,A71EV2A-x0528_A_147_A71EV2A-x0501+A+152+1 A71EV2A-x0416_A_147_A71EV2A-x0501+A+152+1,ZTDJEGPURPWKAK-UHFFFAOYSA-N,Cc1ccc(NC(=O)C2CCCO2)cc1OC1CCN(C)C1=O,2,x0528-x0416-merge-1-8,7,A71EV2A-x0528_A_147_A71EV2A-x0501+A+152+1 A71EV2A-x0416_A_147_A71EV2A-x0501+A+152+1,ZTDJEGPURPWKAK-UHFFFAOYSA-N
61,Amidation,Nc1cc(O)c(C)cc1C,O=C(O)C1CCCO1,,Cc1cc(C)c(NC(=O)C2CCCO2)cc1O,Williamson_ether_synthesis,Cc1cc(C)c(NC(=O)C2CCCO2)cc1O,O=C1C(Cl)CCN1C,1.0,Cc1cc(C)c(OC2CCN(C)C2=O)cc1NC(=O)C1CCCO1,,,,,,,,,,,Cc1cc(C)c(OC2CCN(C)C2=O)cc1NC(=O)C1CCCO1,2,x0528-x0416-merge-1-9,7,A71EV2A-x0528_A_147_A71EV2A-x0501+A+152+1 A71EV2A-x0416_A_147_A71EV2A-x0501+A+152+1,WBDILGJJGDRLFR-UHFFFAOYSA-N,Cc1cc(C)c(OC2CCN(C)C2=O)cc1NC(=O)C1CCCO1,2,x0528-x0416-merge-1-9,7,A71EV2A-x0528_A_147_A71EV2A-x0501+A+152+1 A71EV2A-x0416_A_147_A71EV2A-x0501+A+152+1,WBDILGJJGDRLFR-UHFFFAOYSA-N
62,Amidation,Nc1cncc(O)c1,O=C(O)C1CCCO1,,O=C(Nc1cncc(O)c1)C1CCCO1,Williamson_ether_synthesis,O=C(Nc1cncc(O)c1)C1CCCO1,O=C1C(Cl)CCN1C,1.0,CN1CCC(Oc2cncc(NC(=O)C3CCCO3)c2)C1=O,,,,,,,,,,,CN1CCC(Oc2cncc(NC(=O)C3CCCO3)c2)C1=O,2,x0528-x0416-merge-1-10,7,A71EV2A-x0528_A_147_A71EV2A-x0501+A+152+1 A71EV2A-x0416_A_147_A71EV2A-x0501+A+152+1,VPAXKPTVSGUXQZ-UHFFFAOYSA-N,CN1CCC(Oc2cncc(NC(=O)C3CCCO3)c2)C1=O,2,x0528-x0416-merge-1-10,7,A71EV2A-x0528_A_147_A71EV2A-x0501+A+152+1 A71EV2A-x0416_A_147_A71EV2A-x0501+A+152+1,VPAXKPTVSGUXQZ-UHFFFAOYSA-N
63,Amidation,Nc1ccnc(O)c1,O=C(O)C1CCCO1,,O=C(Nc1ccnc(O)c1)C1CCCO1,Williamson_ether_synthesis,O=C(Nc1ccnc(O)c1)C1CCCO1,O=C1C(Cl)CCN1C,1.0,CN1CCC(Oc2cc(NC(=O)C3CCCO3)ccn2)C1=O,,,,,,,,,,,CN1CCC(Oc2cc(NC(=O)C3CCCO3)ccn2)C1=O,2,x0528-x0416-merge-1-11,7,A71EV2A-x0528_A_147_A71EV2A-x0501+A+152+1 A71EV2A-x0416_A_147_A71EV2A-x0501+A+152+1,USHDETYWPCTHEK-UHFFFAOYSA-N,CN1CCC(Oc2cc(NC(=O)C3CCCO3)ccn2)C1=O,2,x0528-x0416-merge-1-11,7,A71EV2A-x0528_A_147_A71EV2A-x0501+A+152+1 A71EV2A-x0416_A_147_A71EV2A-x0501+A+152+1,USHDETYWPCTHEK-UHFFFAOYSA-N
64,Amidation,Cc1cnc(N)c(O)c1,C(O)(=O)CO[Si](C(C)(C)C)(C)C,,Cc1cnc(NC(=O)CO[Si](C)(C)C(C)(C)C)c(O)c1,TBS_alcohol_deprotection,Cc1cnc(NC(=O)CO[Si](C)(C)C(C)(C)C)c(O)c1,,1.0,Cc1cnc(NC(=O)CO)c(O)c1,Williamson_ether_synthesis,Cc1cnc(NC(=O)CO)c(O)c1,O=C1C(Cl)CCN1C,1.0,Cc1cnc(NC(=O)COC2CCN(C)C2=O)c(O)c1,,,,,,Cc1cnc(NC(=O)COC2CCN(C)C2=O)c(O)c1,3,x0528-x0732-merge-1-1,7,A71EV2A-x0528_A_147_A71EV2A-x0501+A+152+1 A71EV2A-x0732_A_201_A71EV2A-x0501+A+152+1,ZTGLLUSSACMYNE-UHFFFAOYSA-N,Cc1cnc(NC(=O)COC2CCN(C)C2=O)c(O)c1,3,x0528-x0732-merge-1-1,7,A71EV2A-x0528_A_147_A71EV2A-x0501+A+152+1 A71EV2A-x0732_A_201_A71EV2A-x0501+A+152+1,ZTGLLUSSACMYNE-UHFFFAOYSA-N
65,Amidation,Nc1ccccc1O,C(O)(=O)CO[Si](C(C)(C)C)(C)C,,CC(C)(C)[Si](C)(C)OCC(=O)Nc1ccccc1O,TBS_alcohol_deprotection,CC(C)(C)[Si](C)(C)OCC(=O)Nc1ccccc1O,,1.0,O=C(CO)Nc1ccccc1O,Williamson_ether_synthesis,O=C(CO)Nc1ccccc1O,O=C1C(Cl)CCN1C,1.0,CN1CCC(OCC(=O)Nc2ccccc2O)C1=O,,,,,,CN1CCC(OCC(=O)Nc2ccccc2O)C1=O,3,x0528-x0732-merge-1-2,7,A71EV2A-x0528_A_147_A71EV2A-x0501+A+152+1 A71EV2A-x0732_A_201_A71EV2A-x0501+A+152+1,IBAWXSDLDZZNGA-UHFFFAOYSA-N,CN1CCC(OCC(=O)Nc2ccccc2O)C1=O,3,x0528-x0732-merge-1-2,7,A71EV2A-x0528_A_147_A71EV2A-x0501+A+152+1 A71EV2A-x0732_A_201_A71EV2A-x0501+A+152+1,IBAWXSDLDZZNGA-UHFFFAOYSA-N
66,Amidation,Cc1cc(O)c(N)cc1,C(O)(=O)CO[Si](C(C)(C)C)(C)C,,Cc1ccc(NC(=O)CO[Si](C)(C)C(C)(C)C)c(O)c1,TBS_alcohol_deprotection,Cc1ccc(NC(=O)CO[Si](C)(C)C(C)(C)C)c(O)c1,,1.0,Cc1ccc(NC(=O)CO)c(O)c1,Williamson_ether_synthesis,Cc1ccc(NC(=O)CO)c(O)c1,O=C1C(Cl)CCN1C,1.0,Cc1ccc(NC(=O)COC2CCN(C)C2=O)c(O)c1,,,,,,Cc1ccc(NC(=O)COC2CCN(C)C2=O)c(O)c1,3,x0528-x0732-merge-1-3,7,A71EV2A-x0528_A_147_A71EV2A-x0501+A+152+1 A71EV2A-x0732_A_201_A71EV2A-x0501+A+152+1,VZBKQIINGNEDHL-UHFFFAOYSA-N,Cc1ccc(NC(=O)COC2CCN(C)C2=O)c(O)c1,3,x0528-x0732-merge-1-3,7,A71EV2A-x0528_A_147_A71EV2A-x0501+A+152+1 A71EV2A-x0732_A_201_A71EV2A-x0501+A+152+1,VZBKQIINGNEDHL-UHFFFAOYSA-N
67,Amidation,Fc1cc(O)c(N)cc1,C(O)(=O)CO[Si](C(C)(C)C)(C)C,,CC(C)(C)[Si](C)(C)OCC(=O)Nc1ccc(F)cc1O,TBS_alcohol_deprotection,CC(C)(C)[Si](C)(C)OCC(=O)Nc1ccc(F)cc1O,,1.0,O=C(CO)Nc1ccc(F)cc1O,Williamson_ether_synthesis,O=C(CO)Nc1ccc(F)cc1O,O=C1C(Cl)CCN1C,1.0,CN1CCC(OCC(=O)Nc2ccc(F)cc2O)C1=O,,,,,,CN1CCC(OCC(=O)Nc2ccc(F)cc2O)C1=O,3,x0528-x0732-merge-1-4,7,A71EV2A-x0528_A_147_A71EV2A-x0501+A+152+1 A71EV2A-x0732_A_201_A71EV2A-x0501+A+152+1,RPBOUEMJOBBIDR-UHFFFAOYSA-N,CN1CCC(OCC(=O)Nc2ccc(F)cc2O)C1=O,3,x0528-x0732-merge-1-4,7,A71EV2A-x0528_A_147_A71EV2A-x0501+A+152+1 A71EV2A-x0732_A_201_A71EV2A-x0501+A+152+1,RPBOUEMJOBBIDR-UHFFFAOYSA-N
68,Amidation,Cc1cccc(O)c1N,C(O)(=O)CO[Si](C(C)(C)C)(C)C,,Cc1cccc(O)c1NC(=O)CO[Si](C)(C)C(C)(C)C,TBS_alcohol_deprotection,Cc1cccc(O)c1NC(=O)CO[Si](C)(C)C(C)(C)C,,1.0,Cc1cccc(O)c1NC(=O)CO,Williamson_ether_synthesis,Cc1cccc(O)c1NC(=O)CO,O=C1C(Cl)CCN1C,1.0,Cc1cccc(OC2CCN(C)C2=O)c1NC(=O)CO,,,,,,Cc1cccc(OC2CCN(C)C2=O)c1NC(=O)CO,3,x0528-x0732-merge-1-5,8,A71EV2A-x0528_A_147_A71EV2A-x0501+A+152+1 A71EV2A-x0732_A_201_A71EV2A-x0501+A+152+1,HQEKNZNNUTZLAE-UHFFFAOYSA-N,Cc1cccc(OC2CCN(C)C2=O)c1NC(=O)CO,3,x0528-x0732-merge-1-5,8,A71EV2A-x0528_A_147_A71EV2A-x0501+A+152+1 A71EV2A-x0732_A_201_A71EV2A-x0501+A+152+1,HQEKNZNNUTZLAE-UHFFFAOYSA-N
69,Amidation,Cc1cc(O)c(N)c(C)c1,C(O)(=O)CO[Si](C(C)(C)C)(C)C,,Cc1cc(C)c(NC(=O)CO[Si](C)(C)C(C)(C)C)c(O)c1,TBS_alcohol_deprotection,Cc1cc(C)c(NC(=O)CO[Si](C)(C)C(C)(C)C)c(O)c1,,1.0,Cc1cc(C)c(NC(=O)CO)c(O)c1,Williamson_ether_synthesis,Cc1cc(C)c(NC(=O)CO)c(O)c1,O=C1C(Cl)CCN1C,1.0,Cc1cc(C)c(NC(=O)COC2CCN(C)C2=O)c(O)c1,,,,,,Cc1cc(C)c(NC(=O)COC2CCN(C)C2=O)c(O)c1,3,x0528-x0732-merge-1-6,8,A71EV2A-x0528_A_147_A71EV2A-x0501+A+152+1 A71EV2A-x0732_A_201_A71EV2A-x0501+A+152+1,HAAVJKZZGKEDPU-UHFFFAOYSA-N,Cc1cc(C)c(NC(=O)COC2CCN(C)C2=O)c(O)c1,3,x0528-x0732-merge-1-6,8,A71EV2A-x0528_A_147_A71EV2A-x0501+A+152+1 A71EV2A-x0732_A_201_A71EV2A-x0501+A+152+1,HAAVJKZZGKEDPU-UHFFFAOYSA-N
70,Amidation,Oc1ccnc(C)c1N,C(O)(=O)CO[Si](C(C)(C)C)(C)C,,Cc1nccc(O)c1NC(=O)CO[Si](C)(C)C(C)(C)C,TBS_alcohol_deprotection,Cc1nccc(O)c1NC(=O)CO[Si](C)(C)C(C)(C)C,,1.0,Cc1nccc(O)c1NC(=O)CO,Williamson_ether_synthesis,Cc1nccc(O)c1NC(=O)CO,O=C1C(Cl)CCN1C,1.0,Cc1nccc(OC2CCN(C)C2=O)c1NC(=O)CO,,,,,,Cc1nccc(OC2CCN(C)C2=O)c1NC(=O)CO,3,x0528-x0732-merge-1-7,8,A71EV2A-x0528_A_147_A71EV2A-x0501+A+152+1 A71EV2A-x0732_A_201_A71EV2A-x0501+A+152+1,DIOBJLAOFINKDH-UHFFFAOYSA-N,Cc1nccc(OC2CCN(C)C2=O)c1NC(=O)CO,3,x0528-x0732-merge-1-7,8,A71EV2A-x0528_A_147_A71EV2A-x0501+A+152+1 A71EV2A-x0732_A_201_A71EV2A-x0501+A+152+1,DIOBJLAOFINKDH-UHFFFAOYSA-N
71,Amidation,Cc1cc(O)c(N)c(C)n1,C(O)(=O)CO[Si](C(C)(C)C)(C)C,,Cc1cc(O)c(NC(=O)CO[Si](C)(C)C(C)(C)C)c(C)n1,TBS_alcohol_deprotection,Cc1cc(O)c(NC(=O)CO[Si](C)(C)C(C)(C)C)c(C)n1,,1.0,Cc1cc(O)c(NC(=O)CO)c(C)n1,Williamson_ether_synthesis,Cc1cc(O)c(NC(=O)CO)c(C)n1,O=C1C(Cl)CCN1C,1.0,Cc1cc(OC2CCN(C)C2=O)c(NC(=O)CO)c(C)n1,,,,,,Cc1cc(OC2CCN(C)C2=O)c(NC(=O)CO)c(C)n1,3,x0528-x0732-merge-1-8,8,A71EV2A-x0528_A_147_A71EV2A-x0501+A+152+1 A71EV2A-x0732_A_201_A71EV2A-x0501+A+152+1,AKSURHUAGQQWHX-UHFFFAOYSA-N,Cc1cc(OC2CCN(C)C2=O)c(NC(=O)CO)c(C)n1,3,x0528-x0732-merge-1-8,8,A71EV2A-x0528_A_147_A71EV2A-x0501+A+152+1 A71EV2A-x0732_A_201_A71EV2A-x0501+A+152+1,AKSURHUAGQQWHX-UHFFFAOYSA-N
72,Amidation,Cc1cnc(N)c(O)c1,O=C(O)CS,,Cc1cnc(NC(=O)CS)c(O)c1,Williamson_ether_synthesis,Cc1cnc(NC(=O)CS)c(O)c1,O=C1C(Cl)CCN1C,1.0,Cc1cnc(NC(=O)CS)c(OC2CCN(C)C2=O)c1,,,,,,,,,,,Cc1cnc(NC(=O)CS)c(OC2CCN(C)C2=O)c1,2,x0528-x0732-merge-2-1,8,A71EV2A-x0528_A_147_A71EV2A-x0501+A+152+1 A71EV2A-x0732_A_201_A71EV2A-x0501+A+152+1,NRZOHTQVIPNMMH-UHFFFAOYSA-N,Cc1cnc(NC(=O)CS)c(OC2CCN(C)C2=O)c1,2,x0528-x0732-merge-2-1,8,A71EV2A-x0528_A_147_A71EV2A-x0501+A+152+1 A71EV2A-x0732_A_201_A71EV2A-x0501+A+152+1,NRZOHTQVIPNMMH-UHFFFAOYSA-N
73,Amidation,Nc1ccccc1O,O=C(O)CS,,O=C(CS)Nc1ccccc1O,Williamson_ether_synthesis,O=C(CS)Nc1ccccc1O,O=C1C(Cl)CCN1C,1.0,CN1CCC(Oc2ccccc2NC(=O)CS)C1=O,,,,,,,,,,,CN1CCC(Oc2ccccc2NC(=O)CS)C1=O,2,x0528-x0732-merge-2-2,8,A71EV2A-x0528_A_147_A71EV2A-x0501+A+152+1 A71EV2A-x0732_A_201_A71EV2A-x0501+A+152+1,JLIYQPMHTHRGDP-UHFFFAOYSA-N,CN1CCC(Oc2ccccc2NC(=O)CS)C1=O,2,x0528-x0732-merge-2-2,8,A71EV2A-x0528_A_147_A71EV2A-x0501+A+152+1 A71EV2A-x0732_A_201_A71EV2A-x0501+A+152+1,JLIYQPMHTHRGDP-UHFFFAOYSA-N
74,Amidation,Cc1cc(O)c(N)cc1,O=C(O)CS,,Cc1ccc(NC(=O)CS)c(O)c1,Williamson_ether_synthesis,Cc1ccc(NC(=O)CS)c(O)c1,O=C1C(Cl)CCN1C,1.0,Cc1ccc(NC(=O)CS)c(OC2CCN(C)C2=O)c1,,,,,,,,,,,Cc1ccc(NC(=O)CS)c(OC2CCN(C)C2=O)c1,2,x0528-x0732-merge-2-3,8,A71EV2A-x0528_A_147_A71EV2A-x0501+A+152+1 A71EV2A-x0732_A_201_A71EV2A-x0501+A+152+1,ULVMDPPZVMVKBL-UHFFFAOYSA-N,Cc1ccc(NC(=O)CS)c(OC2CCN(C)C2=O)c1,2,x0528-x0732-merge-2-3,8,A71EV2A-x0528_A_147_A71EV2A-x0501+A+152+1 A71EV2A-x0732_A_201_A71EV2A-x0501+A+152+1,ULVMDPPZVMVKBL-UHFFFAOYSA-N
75,Amidation,Fc1cc(O)c(N)cc1,O=C(O)CS,,O=C(CS)Nc1ccc(F)cc1O,Williamson_ether_synthesis,O=C(CS)Nc1ccc(F)cc1O,O=C1C(Cl)CCN1C,1.0,CN1CCC(Oc2cc(F)ccc2NC(=O)CS)C1=O,,,,,,,,,,,CN1CCC(Oc2cc(F)ccc2NC(=O)CS)C1=O,2,x0528-x0732-merge-2-4,8,A71EV2A-x0528_A_147_A71EV2A-x0501+A+152+1 A71EV2A-x0732_A_201_A71EV2A-x0501+A+152+1,ABTCVWCGYSSOGV-UHFFFAOYSA-N,CN1CCC(Oc2cc(F)ccc2NC(=O)CS)C1=O,2,x0528-x0732-merge-2-4,8,A71EV2A-x0528_A_147_A71EV2A-x0501+A+152+1 A71EV2A-x0732_A_201_A71EV2A-x0501+A+152+1,ABTCVWCGYSSOGV-UHFFFAOYSA-N
76,Amidation,Cc1cccc(O)c1N,O=C(O)CS,,Cc1cccc(O)c1NC(=O)CS,Williamson_ether_synthesis,Cc1cccc(O)c1NC(=O)CS,O=C1C(Cl)CCN1C,1.0,Cc1cccc(OC2CCN(C)C2=O)c1NC(=O)CS,,,,,,,,,,,Cc1cccc(OC2CCN(C)C2=O)c1NC(=O)CS,2,x0528-x0732-merge-2-5,8,A71EV2A-x0528_A_147_A71EV2A-x0501+A+152+1 A71EV2A-x0732_A_201_A71EV2A-x0501+A+152+1,PJFFRQDHURSHGM-UHFFFAOYSA-N,Cc1cccc(OC2CCN(C)C2=O)c1NC(=O)CS,2,x0528-x0732-merge-2-5,8,A71EV2A-x0528_A_147_A71EV2A-x0501+A+152+1 A71EV2A-x0732_A_201_A71EV2A-x0501+A+152+1,PJFFRQDHURSHGM-UHFFFAOYSA-N
77,Amidation,Cc1cc(O)c(N)c(C)c1,O=C(O)CS,,Cc1cc(C)c(NC(=O)CS)c(O)c1,Williamson_ether_synthesis,Cc1cc(C)c(NC(=O)CS)c(O)c1,O=C1C(Cl)CCN1C,1.0,Cc1cc(C)c(NC(=O)CS)c(OC2CCN(C)C2=O)c1,,,,,,,,,,,Cc1cc(C)c(NC(=O)CS)c(OC2CCN(C)C2=O)c1,2,x0528-x0732-merge-2-6,8,A71EV2A-x0528_A_147_A71EV2A-x0501+A+152+1 A71EV2A-x0732_A_201_A71EV2A-x0501+A+152+1,VUFZUHMIPLXWGK-UHFFFAOYSA-N,Cc1cc(C)c(NC(=O)CS)c(OC2CCN(C)C2=O)c1,2,x0528-x0732-merge-2-6,8,A71EV2A-x0528_A_147_A71EV2A-x0501+A+152+1 A71EV2A-x0732_A_201_A71EV2A-x0501+A+152+1,VUFZUHMIPLXWGK-UHFFFAOYSA-N
78,Amidation,Oc1ccnc(C)c1N,O=C(O)CS,,Cc1nccc(O)c1NC(=O)CS,Williamson_ether_synthesis,Cc1nccc(O)c1NC(=O)CS,O=C1C(Cl)CCN1C,1.0,Cc1nccc(OC2CCN(C)C2=O)c1NC(=O)CS,,,,,,,,,,,Cc1nccc(OC2CCN(C)C2=O)c1NC(=O)CS,2,x0528-x0732-merge-2-7,9,A71EV2A-x0528_A_147_A71EV2A-x0501+A+152+1 A71EV2A-x0732_A_201_A71EV2A-x0501+A+152+1,XJAJXIHQJRGKMJ-UHFFFAOYSA-N,Cc1nccc(OC2CCN(C)C2=O)c1NC(=O)CS,2,x0528-x0732-merge-2-7,9,A71EV2A-x0528_A_147_A71EV2A-x0501+A+152+1 A71EV2A-x0732_A_201_A71EV2A-x0501+A+152+1,XJAJXIHQJRGKMJ-UHFFFAOYSA-N
79,Amidation,Cc1cc(O)c(N)c(C)n1,O=C(O)CS,,Cc1cc(O)c(NC(=O)CS)c(C)n1,Williamson_ether_synthesis,Cc1cc(O)c(NC(=O)CS)c(C)n1,O=C1C(Cl)CCN1C,1.0,Cc1cc(OC2CCN(C)C2=O)c(NC(=O)CS)c(C)n1,,,,,,,,,,,Cc1cc(OC2CCN(C)C2=O)c(NC(=O)CS)c(C)n1,2,x0528-x0732-merge-2-8,9,A71EV2A-x0528_A_147_A71EV2A-x0501+A+152+1 A71EV2A-x0732_A_201_A71EV2A-x0501+A+152+1,XYKYGBPLRZPZMB-UHFFFAOYSA-N,Cc1cc(OC2CCN(C)C2=O)c(NC(=O)CS)c(C)n1,2,x0528-x0732-merge-2-8,9,A71EV2A-x0528_A_147_A71EV2A-x0501+A+152+1 A71EV2A-x0732_A_201_A71EV2A-x0501+A+152+1,XYKYGBPLRZPZMB-UHFFFAOYSA-N
80,Amidation,Oc1cccc(N)c1NC(=O)OC(C)(C)C,CC(=O)O,,CC(=O)Nc1cccc(O)c1NC(=O)OC(C)(C)C,N-Boc_deprotection,CC(=O)Nc1cccc(O)c1NC(=O)OC(C)(C)C,,1.0,CC(=O)Nc1cccc(O)c1N,Amidation,CC(=O)Nc1cccc(O)c1N,O=C(O)CS,1.0,CC(=O)Nc1cccc(O)c1NC(=O)CS,,,,,,CC(=O)Nc1cccc(O)c1NC(=O)CS,3,x0884-x0732-x0922-merge-2-1,9,A71EV2A-x0884_A_147_A71EV2A-x0501+A+152+1 A71EV2A-x0732_A_201_A71EV2A-x0501+A+152+1,FHQLHGVEQIMYTG-UHFFFAOYSA-N,CC(=O)Nc1cccc(O)c1NC(=O)CS,3,x0884-x0732-x0922-merge-2-1,9,A71EV2A-x0884_A_147_A71EV2A-x0501+A+152+1 A71EV2A-x0732_A_201_A71EV2A-x0501+A+152+1,FHQLHGVEQIMYTG-UHFFFAOYSA-N
81,Amidation,Cc1cc(O)cc(N)c1,C(O)(=O)CO[Si](C(C)(C)C)(C)C,,Cc1cc(O)cc(NC(=O)CO[Si](C)(C)C(C)(C)C)c1,TBS_alcohol_deprotection,Cc1cc(O)cc(NC(=O)CO[Si](C)(C)C(C)(C)C)c1,,1.0,Cc1cc(O)cc(NC(=O)CO)c1,Williamson_ether_synthesis,Cc1cc(O)cc(NC(=O)CO)c1,CN(C)C(=O)CCl,1.0,Cc1cc(NC(=O)CO)cc(OCC(=O)N(C)C)c1,,,,,,Cc1cc(NC(=O)CO)cc(OCC(=O)N(C)C)c1,3,x0922-x0732-merge-1-1,9,A71EV2A-x0922_A_147_A71EV2A-x0501+A+152+1 A71EV2A-x0732_A_201_A71EV2A-x0501+A+152+1,JHZMHCCPHXTVDH-UHFFFAOYSA-N,Cc1cc(NC(=O)CO)cc(OCC(=O)N(C)C)c1,3,x0922-x0732-merge-1-1,9,A71EV2A-x0922_A_147_A71EV2A-x0501+A+152+1 A71EV2A-x0732_A_201_A71EV2A-x0501+A+152+1,JHZMHCCPHXTVDH-UHFFFAOYSA-N
82,Amidation,Cc1cnc(O)cc1N,C(O)(=O)CO[Si](C(C)(C)C)(C)C,,Cc1cnc(O)cc1NC(=O)CO[Si](C)(C)C(C)(C)C,TBS_alcohol_deprotection,Cc1cnc(O)cc1NC(=O)CO[Si](C)(C)C(C)(C)C,,1.0,Cc1cnc(O)cc1NC(=O)CO,Williamson_ether_synthesis,Cc1cnc(O)cc1NC(=O)CO,CN(C)C(=O)CCl,1.0,Cc1cnc(OCC(=O)N(C)C)cc1NC(=O)CO,,,,,,Cc1cnc(OCC(=O)N(C)C)cc1NC(=O)CO,3,x0922-x0732-merge-1-2,9,A71EV2A-x0922_A_147_A71EV2A-x0501+A+152+1 A71EV2A-x0732_A_201_A71EV2A-x0501+A+152+1,DDPJHXIDNIDGBD-UHFFFAOYSA-N,Cc1cnc(OCC(=O)N(C)C)cc1NC(=O)CO,3,x0922-x0732-merge-1-2,9,A71EV2A-x0922_A_147_A71EV2A-x0501+A+152+1 A71EV2A-x0732_A_201_A71EV2A-x0501+A+152+1,DDPJHXIDNIDGBD-UHFFFAOYSA-N
83,Amidation,Nc1cccc(O)c1,C(O)(=O)CO[Si](C(C)(C)C)(C)C,,CC(C)(C)[Si](C)(C)OCC(=O)Nc1cccc(O)c1,TBS_alcohol_deprotection,CC(C)(C)[Si](C)(C)OCC(=O)Nc1cccc(O)c1,,1.0,O=C(CO)Nc1cccc(O)c1,Williamson_ether_synthesis,O=C(CO)Nc1cccc(O)c1,CN(C)C(=O)CCl,1.0,CN(C)C(=O)COCC(=O)Nc1cccc(O)c1,,,,,,CN(C)C(=O)COCC(=O)Nc1cccc(O)c1,3,x0922-x0732-merge-1-4,9,A71EV2A-x0922_A_147_A71EV2A-x0501+A+152+1 A71EV2A-x0732_A_201_A71EV2A-x0501+A+152+1,AVXQRKTXSXBNPP-UHFFFAOYSA-N,CN(C)C(=O)COCC(=O)Nc1cccc(O)c1,3,x0922-x0732-merge-1-4,9,A71EV2A-x0922_A_147_A71EV2A-x0501+A+152+1 A71EV2A-x0732_A_201_A71EV2A-x0501+A+152+1,AVXQRKTXSXBNPP-UHFFFAOYSA-N
84,Amidation,Cc1ccc(O)cc1N,C(O)(=O)CO[Si](C(C)(C)C)(C)C,,Cc1ccc(O)cc1NC(=O)CO[Si](C)(C)C(C)(C)C,TBS_alcohol_deprotection,Cc1ccc(O)cc1NC(=O)CO[Si](C)(C)C(C)(C)C,,1.0,Cc1ccc(O)cc1NC(=O)CO,Williamson_ether_synthesis,Cc1ccc(O)cc1NC(=O)CO,CN(C)C(=O)CCl,1.0,Cc1ccc(OCC(=O)N(C)C)cc1NC(=O)CO,,,,,,Cc1ccc(OCC(=O)N(C)C)cc1NC(=O)CO,3,x0922-x0732-merge-1-5,9,A71EV2A-x0922_A_147_A71EV2A-x0501+A+152+1 A71EV2A-x0732_A_201_A71EV2A-x0501+A+152+1,CDTYWNHOSQYEGO-UHFFFAOYSA-N,Cc1ccc(OCC(=O)N(C)C)cc1NC(=O)CO,3,x0922-x0732-merge-1-5,9,A71EV2A-x0922_A_147_A71EV2A-x0501+A+152+1 A71EV2A-x0732_A_201_A71EV2A-x0501+A+152+1,CDTYWNHOSQYEGO-UHFFFAOYSA-N
85,Amidation,Fc1ccc(O)cc1N,C(O)(=O)CO[Si](C(C)(C)C)(C)C,,CC(C)(C)[Si](C)(C)OCC(=O)Nc1cc(O)ccc1F,TBS_alcohol_deprotection,CC(C)(C)[Si](C)(C)OCC(=O)Nc1cc(O)ccc1F,,1.0,O=C(CO)Nc1cc(O)ccc1F,Williamson_ether_synthesis,O=C(CO)Nc1cc(O)ccc1F,CN(C)C(=O)CCl,1.0,CN(C)C(=O)COCC(=O)Nc1cc(O)ccc1F,,,,,,CN(C)C(=O)COCC(=O)Nc1cc(O)ccc1F,3,x0922-x0732-merge-1-7,9,A71EV2A-x0922_A_147_A71EV2A-x0501+A+152+1 A71EV2A-x0732_A_201_A71EV2A-x0501+A+152+1,BTQQVRBHNACNKU-UHFFFAOYSA-N,CN(C)C(=O)COCC(=O)Nc1cc(O)ccc1F,3,x0922-x0732-merge-1-7,9,A71EV2A-x0922_A_147_A71EV2A-x0501+A+152+1 A71EV2A-x0732_A_201_A71EV2A-x0501+A+152+1,BTQQVRBHNACNKU-UHFFFAOYSA-N
86,Amidation,Nc1cc(O)c(C)cc1,C(O)(=O)CO[Si](C(C)(C)C)(C)C,,Cc1ccc(NC(=O)CO[Si](C)(C)C(C)(C)C)cc1O,TBS_alcohol_deprotection,Cc1ccc(NC(=O)CO[Si](C)(C)C(C)(C)C)cc1O,,1.0,Cc1ccc(NC(=O)CO)cc1O,Williamson_ether_synthesis,Cc1ccc(NC(=O)CO)cc1O,CN(C)C(=O)CCl,1.0,Cc1ccc(NC(=O)COCC(=O)N(C)C)cc1O,,,,,,Cc1ccc(NC(=O)COCC(=O)N(C)C)cc1O,3,x0922-x0732-merge-1-8,10,A71EV2A-x0922_A_147_A71EV2A-x0501+A+152+1 A71EV2A-x0732_A_201_A71EV2A-x0501+A+152+1,JSUPXYZROWADPA-UHFFFAOYSA-N,Cc1ccc(NC(=O)COCC(=O)N(C)C)cc1O,3,x0922-x0732-merge-1-8,10,A71EV2A-x0922_A_147_A71EV2A-x0501+A+152+1 A71EV2A-x0732_A_201_A71EV2A-x0501+A+152+1,JSUPXYZROWADPA-UHFFFAOYSA-N
87,Amidation,Nc1cc(O)c(C)cc1C,C(O)(=O)CO[Si](C(C)(C)C)(C)C,,Cc1cc(C)c(NC(=O)CO[Si](C)(C)C(C)(C)C)cc1O,TBS_alcohol_deprotection,Cc1cc(C)c(NC(=O)CO[Si](C)(C)C(C)(C)C)cc1O,,1.0,Cc1cc(C)c(NC(=O)CO)cc1O,Williamson_ether_synthesis,Cc1cc(C)c(NC(=O)CO)cc1O,CN(C)C(=O)CCl,1.0,Cc1cc(C)c(NC(=O)COCC(=O)N(C)C)cc1O,,,,,,Cc1cc(C)c(NC(=O)COCC(=O)N(C)C)cc1O,3,x0922-x0732-merge-1-9,10,A71EV2A-x0922_A_147_A71EV2A-x0501+A+152+1 A71EV2A-x0732_A_201_A71EV2A-x0501+A+152+1,YXOSKKANWJIJOY-UHFFFAOYSA-N,Cc1cc(C)c(NC(=O)COCC(=O)N(C)C)cc1O,3,x0922-x0732-merge-1-9,10,A71EV2A-x0922_A_147_A71EV2A-x0501+A+152+1 A71EV2A-x0732_A_201_A71EV2A-x0501+A+152+1,YXOSKKANWJIJOY-UHFFFAOYSA-N
88,Amidation,Nc1cncc(O)c1,C(O)(=O)CO[Si](C(C)(C)C)(C)C,,CC(C)(C)[Si](C)(C)OCC(=O)Nc1cncc(O)c1,TBS_alcohol_deprotection,CC(C)(C)[Si](C)(C)OCC(=O)Nc1cncc(O)c1,,1.0,O=C(CO)Nc1cncc(O)c1,Williamson_ether_synthesis,O=C(CO)Nc1cncc(O)c1,CN(C)C(=O)CCl,1.0,CN(C)C(=O)COCC(=O)Nc1cncc(O)c1,,,,,,CN(C)C(=O)COCC(=O)Nc1cncc(O)c1,3,x0922-x0732-merge-1-10,10,A71EV2A-x0922_A_147_A71EV2A-x0501+A+152+1 A71EV2A-x0732_A_201_A71EV2A-x0501+A+152+1,ZSOZJLJKIBSDKD-UHFFFAOYSA-N,CN(C)C(=O)COCC(=O)Nc1cncc(O)c1,3,x0922-x0732-merge-1-10,10,A71EV2A-x0922_A_147_A71EV2A-x0501+A+152+1 A71EV2A-x0732_A_201_A71EV2A-x0501+A+152+1,ZSOZJLJKIBSDKD-UHFFFAOYSA-N
89,Amidation,Nc1ccnc(O)c1,C(O)(=O)CO[Si](C(C)(C)C)(C)C,,CC(C)(C)[Si](C)(C)OCC(=O)Nc1ccnc(O)c1,TBS_alcohol_deprotection,CC(C)(C)[Si](C)(C)OCC(=O)Nc1ccnc(O)c1,,1.0,O=C(CO)Nc1ccnc(O)c1,Williamson_ether_synthesis,O=C(CO)Nc1ccnc(O)c1,CN(C)C(=O)CCl,1.0,CN(C)C(=O)COCC(=O)Nc1ccnc(O)c1,,,,,,CN(C)C(=O)COCC(=O)Nc1ccnc(O)c1,3,x0922-x0732-merge-1-11,10,A71EV2A-x0922_A_147_A71EV2A-x0501+A+152+1 A71EV2A-x0732_A_201_A71EV2A-x0501+A+152+1,KSFNSNPCFGKGTN-UHFFFAOYSA-N,CN(C)C(=O)COCC(=O)Nc1ccnc(O)c1,3,x0922-x0732-merge-1-11,10,A71EV2A-x0922_A_147_A71EV2A-x0501+A+152+1 A71EV2A-x0732_A_201_A71EV2A-x0501+A+152+1,KSFNSNPCFGKGTN-UHFFFAOYSA-N
90,Amidation,Cc1cc(O)cc(N)c1,O=C(O)CS,,Cc1cc(O)cc(NC(=O)CS)c1,Williamson_ether_synthesis,Cc1cc(O)cc(NC(=O)CS)c1,CN(C)C(=O)CCl,1.0,Cc1cc(NC(=O)CS)cc(OCC(=O)N(C)C)c1,,,,,,,,,,,Cc1cc(NC(=O)CS)cc(OCC(=O)N(C)C)c1,2,x0922-x0732-merge-2-1,10,A71EV2A-x0922_A_147_A71EV2A-x0501+A+152+1 A71EV2A-x0732_A_201_A71EV2A-x0501+A+152+1,LXCOIZPPHPZJLW-UHFFFAOYSA-N,Cc1cc(NC(=O)CS)cc(OCC(=O)N(C)C)c1,2,x0922-x0732-merge-2-1,10,A71EV2A-x0922_A_147_A71EV2A-x0501+A+152+1 A71EV2A-x0732_A_201_A71EV2A-x0501+A+152+1,LXCOIZPPHPZJLW-UHFFFAOYSA-N
91,Amidation,Cc1cnc(O)cc1N,O=C(O)CS,,Cc1cnc(O)cc1NC(=O)CS,Williamson_ether_synthesis,Cc1cnc(O)cc1NC(=O)CS,CN(C)C(=O)CCl,1.0,Cc1cnc(OCC(=O)N(C)C)cc1NC(=O)CS,,,,,,,,,,,Cc1cnc(OCC(=O)N(C)C)cc1NC(=O)CS,2,x0922-x0732-merge-2-2,10,A71EV2A-x0922_A_147_A71EV2A-x0501+A+152+1 A71EV2A-x0732_A_201_A71EV2A-x0501+A+152+1,CUHAEOJAXNJLLL-UHFFFAOYSA-N,Cc1cnc(OCC(=O)N(C)C)cc1NC(=O)CS,2,x0922-x0732-merge-2-2,10,A71EV2A-x0922_A_147_A71EV2A-x0501+A+152+1 A71EV2A-x0732_A_201_A71EV2A-x0501+A+152+1,CUHAEOJAXNJLLL-UHFFFAOYSA-N
92,Amidation,Nc1cccc(O)c1,O=C(O)CS,,O=C(CS)Nc1cccc(O)c1,Williamson_ether_synthesis,O=C(CS)Nc1cccc(O)c1,CN(C)C(=O)CCl,1.0,CN(C)C(=O)COc1cccc(NC(=O)CS)c1,,,,,,,,,,,CN(C)C(=O)COc1cccc(NC(=O)CS)c1,2,x0922-x0732-merge-2-4,10,A71EV2A-x0922_A_147_A71EV2A-x0501+A+152+1 A71EV2A-x0732_A_201_A71EV2A-x0501+A+152+1,LCSKLVVSOFHOOO-UHFFFAOYSA-N,CN(C)C(=O)COc1cccc(NC(=O)CS)c1,2,x0922-x0732-merge-2-4,10,A71EV2A-x0922_A_147_A71EV2A-x0501+A+152+1 A71EV2A-x0732_A_201_A71EV2A-x0501+A+152+1,LCSKLVVSOFHOOO-UHFFFAOYSA-N
93,Amidation,Cc1ccc(O)cc1N,O=C(O)CS,,Cc1ccc(O)cc1NC(=O)CS,Williamson_ether_synthesis,Cc1ccc(O)cc1NC(=O)CS,CN(C)C(=O)CCl,1.0,Cc1ccc(OCC(=O)N(C)C)cc1NC(=O)CS,,,,,,,,,,,Cc1ccc(OCC(=O)N(C)C)cc1NC(=O)CS,2,x0922-x0732-merge-2-5,10,A71EV2A-x0922_A_147_A71EV2A-x0501+A+152+1 A71EV2A-x0732_A_201_A71EV2A-x0501+A+152+1,YMFXTZASBGMLKF-UHFFFAOYSA-N,Cc1ccc(OCC(=O)N(C)C)cc1NC(=O)CS,2,x0922-x0732-merge-2-5,10,A71EV2A-x0922_A_147_A71EV2A-x0501+A+152+1 A71EV2A-x0732_A_201_A71EV2A-x0501+A+152+1,YMFXTZASBGMLKF-UHFFFAOYSA-N
94,Amidation,Fc1ccc(O)cc1N,O=C(O)CS,,O=C(CS)Nc1cc(O)ccc1F,Williamson_ether_synthesis,O=C(CS)Nc1cc(O)ccc1F,CN(C)C(=O)CCl,1.0,CN(C)C(=O)COc1ccc(F)c(NC(=O)CS)c1,,,,,,,,,,,CN(C)C(=O)COc1ccc(F)c(NC(=O)CS)c1,2,x0922-x0732-merge-2-7,11,A71EV2A-x0922_A_147_A71EV2A-x0501+A+152+1 A71EV2A-x0732_A_201_A71EV2A-x0501+A+152+1,BAOZEGOGVWZOIX-UHFFFAOYSA-N,CN(C)C(=O)COc1ccc(F)c(NC(=O)CS)c1,2,x0922-x0732-merge-2-7,11,A71EV2A-x0922_A_147_A71EV2A-x0501+A+152+1 A71EV2A-x0732_A_201_A71EV2A-x0501+A+152+1,BAOZEGOGVWZOIX-UHFFFAOYSA-N
95,Amidation,Nc1cc(O)c(C)cc1,O=C(O)CS,,Cc1ccc(NC(=O)CS)cc1O,Williamson_ether_synthesis,Cc1ccc(NC(=O)CS)cc1O,CN(C)C(=O)CCl,1.0,Cc1ccc(NC(=O)CS)cc1OCC(=O)N(C)C,,,,,,,,,,,Cc1ccc(NC(=O)CS)cc1OCC(=O)N(C)C,2,x0922-x0732-merge-2-8,11,A71EV2A-x0922_A_147_A71EV2A-x0501+A+152+1 A71EV2A-x0732_A_201_A71EV2A-x0501+A+152+1,NXZSZVCYCCPQSP-UHFFFAOYSA-N,Cc1ccc(NC(=O)CS)cc1OCC(=O)N(C)C,2,x0922-x0732-merge-2-8,11,A71EV2A-x0922_A_147_A71EV2A-x0501+A+152+1 A71EV2A-x0732_A_201_A71EV2A-x0501+A+152+1,NXZSZVCYCCPQSP-UHFFFAOYSA-N
96,Amidation,Nc1cc(O)c(C)cc1C,O=C(O)CS,,Cc1cc(C)c(NC(=O)CS)cc1O,Williamson_ether_synthesis,Cc1cc(C)c(NC(=O)CS)cc1O,CN(C)C(=O)CCl,1.0,Cc1cc(C)c(OCC(=O)N(C)C)cc1NC(=O)CS,,,,,,,,,,,Cc1cc(C)c(OCC(=O)N(C)C)cc1NC(=O)CS,2,x0922-x0732-merge-2-9,11,A71EV2A-x0922_A_147_A71EV2A-x0501+A+152+1 A71EV2A-x0732_A_201_A71EV2A-x0501+A+152+1,RWYKVNCVGBRENI-UHFFFAOYSA-N,Cc1cc(C)c(OCC(=O)N(C)C)cc1NC(=O)CS,2,x0922-x0732-merge-2-9,11,A71EV2A-x0922_A_147_A71EV2A-x0501+A+152+1 A71EV2A-x0732_A_201_A71EV2A-x0501+A+152+1,RWYKVNCVGBRENI-UHFFFAOYSA-N
97,Amidation,Nc1cncc(O)c1,O=C(O)CS,,O=C(CS)Nc1cncc(O)c1,Williamson_ether_synthesis,O=C(CS)Nc1cncc(O)c1,CN(C)C(=O)CCl,1.0,CN(C)C(=O)COc1cncc(NC(=O)CS)c1,,,,,,,,,,,CN(C)C(=O)COc1cncc(NC(=O)CS)c1,2,x0922-x0732-merge-2-10,11,A71EV2A-x0922_A_147_A71EV2A-x0501+A+152+1 A71EV2A-x0732_A_201_A71EV2A-x0501+A+152+1,ZFGIZJRJYCRRHS-UHFFFAOYSA-N,CN(C)C(=O)COc1cncc(NC(=O)CS)c1,2,x0922-x0732-merge-2-10,11,A71EV2A-x0922_A_147_A71EV2A-x0501+A+152+1 A71EV2A-x0732_A_201_A71EV2A-x0501+A+152+1,ZFGIZJRJYCRRHS-UHFFFAOYSA-N
98,Amidation,Nc1ccnc(O)c1,O=C(O)CS,,O=C(CS)Nc1ccnc(O)c1,Williamson_ether_synthesis,O=C(CS)Nc1ccnc(O)c1,CN(C)C(=O)CCl,1.0,CN(C)C(=O)COc1cc(NC(=O)CS)ccn1,,,,,,,,,,,CN(C)C(=O)COc1cc(NC(=O)CS)ccn1,2,x0922-x0732-merge-2-11,11,A71EV2A-x0922_A_147_A71EV2A-x0501+A+152+1 A71EV2A-x0732_A_201_A71EV2A-x0501+A+152+1,BTUBGYUTZVMOQE-UHFFFAOYSA-N,CN(C)C(=O)COc1cc(NC(=O)CS)ccn1,2,x0922-x0732-merge-2-11,11,A71EV2A-x0922_A_147_A71EV2A-x0501+A+152+1 A71EV2A-x0732_A_201_A71EV2A-x0501+A+152+1,BTUBGYUTZVMOQE-UHFFFAOYSA-N
99,Williamson_ether_synthesis,C[Si](C)(Oc1cc(O)ccc1F)C(C)(C)C,O=C(CCl)N1CCOCC1,,CC(C)(C)[Si](C)(C)Oc1cc(OCC(=O)N2CCOCC2)ccc1F,TBS_alcohol_deprotection,CC(C)(C)[Si](C)(C)Oc1cc(OCC(=O)N2CCOCC2)ccc1F,,1.0,O=C(COc1ccc(F)c(O)c1)N1CCOCC1,Williamson_ether_synthesis,O=C(COc1ccc(F)c(O)c1)N1CCOCC1,CN(C)C(=O)CCl,1.0,CN(C)C(=O)COc1cc(OCC(=O)N2CCOCC2)ccc1F,,,,,,CN(C)C(=O)COc1cc(OCC(=O)N2CCOCC2)ccc1F,3,x0922-x0739-merge-2-1,11,A71EV2A-x0922_A_147_A71EV2A-x0501+A+152+1 A71EV2A-x0739_A_147_A71EV2A-x0501+A+152+1,CYSUOTMKUDBMFZ-UHFFFAOYSA-N,CN(C)C(=O)COc1cc(OCC(=O)N2CCOCC2)ccc1F,3,x0922-x0739-merge-2-1,11,A71EV2A-x0922_A_147_A71EV2A-x0501+A+152+1 A71EV2A-x0739_A_147_A71EV2A-x0501+A+152+1,CYSUOTMKUDBMFZ-UHFFFAOYSA-N
100,Williamson_ether_synthesis,CC(C)(C)[Si](C)(C)Oc1cccc(O)c1,O=C(CCl)N1CCOCC1,,CC(C)(C)[Si](C)(C)Oc1cccc(OCC(=O)N2CCOCC2)c1,TBS_alcohol_deprotection,CC(C)(C)[Si](C)(C)Oc1cccc(OCC(=O)N2CCOCC2)c1,,1.0,O=C(COc1cccc(O)c1)N1CCOCC1,Williamson_ether_synthesis,O=C(COc1cccc(O)c1)N1CCOCC1,CN(C)C(=O)CCl,1.0,CN(C)C(=O)COc1cccc(OCC(=O)N2CCOCC2)c1,,,,,,CN(C)C(=O)COc1cccc(OCC(=O)N2CCOCC2)c1,3,x0922-x0739-merge-2-2,11,A71EV2A-x0922_A_147_A71EV2A-x0501+A+152+1 A71EV2A-x0739_A_147_A71EV2A-x0501+A+152+1,LTURCBNOKGSFTI-UHFFFAOYSA-N,CN(C)C(=O)COc1cccc(OCC(=O)N2CCOCC2)c1,3,x0922-x0739-merge-2-2,11,A71EV2A-x0922_A_147_A71EV2A-x0501+A+152+1 A71EV2A-x0739_A_147_A71EV2A-x0501+A+152+1,LTURCBNOKGSFTI-UHFFFAOYSA-N
101,Williamson_ether_synthesis,Cc1cc(OCc2ccccc2)cc(O)c1,O=C(CCl)N1CCOCC1,,Cc1cc(OCC(=O)N2CCOCC2)cc(OCc2ccccc2)c1,Benzyl_alcohol_deprotection,Cc1cc(OCC(=O)N2CCOCC2)cc(OCc2ccccc2)c1,,1.0,Cc1cc(O)cc(OCC(=O)N2CCOCC2)c1,Williamson_ether_synthesis,Cc1cc(O)cc(OCC(=O)N2CCOCC2)c1,CN(C)C(=O)CCl,1.0,Cc1cc(OCC(=O)N(C)C)cc(OCC(=O)N2CCOCC2)c1,,,,,,Cc1cc(OCC(=O)N(C)C)cc(OCC(=O)N2CCOCC2)c1,3,x0922-x0739-merge-2-3,11,A71EV2A-x0922_A_147_A71EV2A-x0501+A+152+1 A71EV2A-x0739_A_147_A71EV2A-x0501+A+152+1,WFKUTQSRODQJFO-UHFFFAOYSA-N,Cc1cc(OCC(=O)N(C)C)cc(OCC(=O)N2CCOCC2)c1,3,x0922-x0739-merge-2-3,11,A71EV2A-x0922_A_147_A71EV2A-x0501+A+152+1 A71EV2A-x0739_A_147_A71EV2A-x0501+A+152+1,WFKUTQSRODQJFO-UHFFFAOYSA-N
102,Williamson_ether_synthesis,Oc1cc(OCc2ccccc2)ccn1,O=C(CCl)N1CCOCC1,,O=C(COc1cc(OCc2ccccc2)ccn1)N1CCOCC1,Benzyl_alcohol_deprotection,O=C(COc1cc(OCc2ccccc2)ccn1)N1CCOCC1,,1.0,O=C(COc1cc(O)ccn1)N1CCOCC1,Williamson_ether_synthesis,O=C(COc1cc(O)ccn1)N1CCOCC1,CN(C)C(=O)CCl,1.0,CN(C)C(=O)COc1ccnc(OCC(=O)N2CCOCC2)c1,,,,,,CN(C)C(=O)COc1ccnc(OCC(=O)N2CCOCC2)c1,3,x0922-x0739-merge-2-4,11,A71EV2A-x0922_A_147_A71EV2A-x0501+A+152+1 A71EV2A-x0739_A_147_A71EV2A-x0501+A+152+1,MFVVKWWGPFFRCH-UHFFFAOYSA-N,CN(C)C(=O)COc1ccnc(OCC(=O)N2CCOCC2)c1,3,x0922-x0739-merge-2-4,11,A71EV2A-x0922_A_147_A71EV2A-x0501+A+152+1 A71EV2A-x0739_A_147_A71EV2A-x0501+A+152+1,MFVVKWWGPFFRCH-UHFFFAOYSA-N
103,Williamson_ether_synthesis,Cc1ccc(OCc2ccccc2)cc1O,O=C(CCl)N1CCOCC1,,Cc1ccc(OCc2ccccc2)cc1OCC(=O)N1CCOCC1,Benzyl_alcohol_deprotection,Cc1ccc(OCc2ccccc2)cc1OCC(=O)N1CCOCC1,,1.0,Cc1ccc(O)cc1OCC(=O)N1CCOCC1,Williamson_ether_synthesis,Cc1ccc(O)cc1OCC(=O)N1CCOCC1,CN(C)C(=O)CCl,1.0,Cc1ccc(OCC(=O)N(C)C)cc1OCC(=O)N1CCOCC1,,,,,,Cc1ccc(OCC(=O)N(C)C)cc1OCC(=O)N1CCOCC1,3,x0922-x0739-merge-2-5,11,A71EV2A-x0922_A_147_A71EV2A-x0501+A+152+1 A71EV2A-x0739_A_147_A71EV2A-x0501+A+152+1,HWHRLRWYYRBVIM-UHFFFAOYSA-N,Cc1ccc(OCC(=O)N(C)C)cc1OCC(=O)N1CCOCC1,3,x0922-x0739-merge-2-5,11,A71EV2A-x0922_A_147_A71EV2A-x0501+A+152+1 A71EV2A-x0739_A_147_A71EV2A-x0501+A+152+1,HWHRLRWYYRBVIM-UHFFFAOYSA-N
104,Williamson_ether_synthesis,Oc1cc(OCc2ccccc2)c(C)cc1,O=C(CCl)N1CCOCC1,,Cc1ccc(OCC(=O)N2CCOCC2)cc1OCc1ccccc1,Benzyl_alcohol_deprotection,Cc1ccc(OCC(=O)N2CCOCC2)cc1OCc1ccccc1,,1.0,Cc1ccc(OCC(=O)N2CCOCC2)cc1O,Williamson_ether_synthesis,Cc1ccc(OCC(=O)N2CCOCC2)cc1O,CN(C)C(=O)CCl,1.0,Cc1ccc(OCC(=O)N2CCOCC2)cc1OCC(=O)N(C)C,,,,,,Cc1ccc(OCC(=O)N2CCOCC2)cc1OCC(=O)N(C)C,3,x0922-x0739-merge-2-6,12,A71EV2A-x0922_A_147_A71EV2A-x0501+A+152+1 A71EV2A-x0739_A_147_A71EV2A-x0501+A+152+1,ALCJNIPCFITZHL-UHFFFAOYSA-N,Cc1ccc(OCC(=O)N2CCOCC2)cc1OCC(=O)N(C)C,3,x0922-x0739-merge-2-6,12,A71EV2A-x0922_A_147_A71EV2A-x0501+A+152+1 A71EV2A-x0739_A_147_A71EV2A-x0501+A+152+1,ALCJNIPCFITZHL-UHFFFAOYSA-N
105,Williamson_ether_synthesis,Oc1cncc(OCc2ccccc2)c1,O=C(CCl)N1CCOCC1,,O=C(COc1cncc(OCc2ccccc2)c1)N1CCOCC1,Benzyl_alcohol_deprotection,O=C(COc1cncc(OCc2ccccc2)c1)N1CCOCC1,,1.0,O=C(COc1cncc(O)c1)N1CCOCC1,Williamson_ether_synthesis,O=C(COc1cncc(O)c1)N1CCOCC1,CN(C)C(=O)CCl,1.0,CN(C)C(=O)COc1cncc(OCC(=O)N2CCOCC2)c1,,,,,,CN(C)C(=O)COc1cncc(OCC(=O)N2CCOCC2)c1,3,x0922-x0739-merge-2-7,12,A71EV2A-x0922_A_147_A71EV2A-x0501+A+152+1 A71EV2A-x0739_A_147_A71EV2A-x0501+A+152+1,VQRSSBXPBMCVSS-UHFFFAOYSA-N,CN(C)C(=O)COc1cncc(OCC(=O)N2CCOCC2)c1,3,x0922-x0739-merge-2-7,12,A71EV2A-x0922_A_147_A71EV2A-x0501+A+152+1 A71EV2A-x0739_A_147_A71EV2A-x0501+A+152+1,VQRSSBXPBMCVSS-UHFFFAOYSA-N
106,Amidation,Cc1cc(O)cc(N)c1,O=C(O)C1CCCO1,,Cc1cc(O)cc(NC(=O)C2CCCO2)c1,Williamson_ether_synthesis,Cc1cc(O)cc(NC(=O)C2CCCO2)c1,CN(C)C(=O)CCl,1.0,Cc1cc(NC(=O)C2CCCO2)cc(OCC(=O)N(C)C)c1,,,,,,,,,,,Cc1cc(NC(=O)C2CCCO2)cc(OCC(=O)N(C)C)c1,2,x0922-x0416-merge-1-1,12,A71EV2A-x0922_A_147_A71EV2A-x0501+A+152+1 A71EV2A-x0416_A_147_A71EV2A-x0501+A+152+1,PQHLNDLJASDWNV-UHFFFAOYSA-N,Cc1cc(NC(=O)C2CCCO2)cc(OCC(=O)N(C)C)c1,2,x0922-x0416-merge-1-1,12,A71EV2A-x0922_A_147_A71EV2A-x0501+A+152+1 A71EV2A-x0416_A_147_A71EV2A-x0501+A+152+1,PQHLNDLJASDWNV-UHFFFAOYSA-N
107,Amidation,Cc1cnc(O)cc1N,O=C(O)C1CCCO1,,Cc1cnc(O)cc1NC(=O)C1CCCO1,Williamson_ether_synthesis,Cc1cnc(O)cc1NC(=O)C1CCCO1,CN(C)C(=O)CCl,1.0,Cc1cnc(OCC(=O)N(C)C)cc1NC(=O)C1CCCO1,,,,,,,,,,,Cc1cnc(OCC(=O)N(C)C)cc1NC(=O)C1CCCO1,2,x0922-x0416-merge-1-2,12,A71EV2A-x0922_A_147_A71EV2A-x0501+A+152+1 A71EV2A-x0416_A_147_A71EV2A-x0501+A+152+1,TUOVBPCFRQFYGO-UHFFFAOYSA-N,Cc1cnc(OCC(=O)N(C)C)cc1NC(=O)C1CCCO1,2,x0922-x0416-merge-1-2,12,A71EV2A-x0922_A_147_A71EV2A-x0501+A+152+1 A71EV2A-x0416_A_147_A71EV2A-x0501+A+152+1,TUOVBPCFRQFYGO-UHFFFAOYSA-N
108,Amidation,Nc1cccc(O)c1,O=C(O)C1CCCO1,,O=C(Nc1cccc(O)c1)C1CCCO1,Williamson_ether_synthesis,O=C(Nc1cccc(O)c1)C1CCCO1,CN(C)C(=O)CCl,1.0,CN(C)C(=O)COc1cccc(NC(=O)C2CCCO2)c1,,,,,,,,,,,CN(C)C(=O)COc1cccc(NC(=O)C2CCCO2)c1,2,x0922-x0416-merge-1-4,12,A71EV2A-x0922_A_147_A71EV2A-x0501+A+152+1 A71EV2A-x0416_A_147_A71EV2A-x0501+A+152+1,LMYUQMVBTHTOSP-UHFFFAOYSA-N,CN(C)C(=O)COc1cccc(NC(=O)C2CCCO2)c1,2,x0922-x0416-merge-1-4,12,A71EV2A-x0922_A_147_A71EV2A-x0501+A+152+1 A71EV2A-x0416_A_147_A71EV2A-x0501+A+152+1,LMYUQMVBTHTOSP-UHFFFAOYSA-N
109,Amidation,Cc1ccc(O)cc1N,O=C(O)C1CCCO1,,Cc1ccc(O)cc1NC(=O)C1CCCO1,Williamson_ether_synthesis,Cc1ccc(O)cc1NC(=O)C1CCCO1,CN(C)C(=O)CCl,1.0,Cc1ccc(OCC(=O)N(C)C)cc1NC(=O)C1CCCO1,,,,,,,,,,,Cc1ccc(OCC(=O)N(C)C)cc1NC(=O)C1CCCO1,2,x0922-x0416-merge-1-5,12,A71EV2A-x0922_A_147_A71EV2A-x0501+A+152+1 A71EV2A-x0416_A_147_A71EV2A-x0501+A+152+1,PJIKIJXNWWFHAS-UHFFFAOYSA-N,Cc1ccc(OCC(=O)N(C)C)cc1NC(=O)C1CCCO1,2,x0922-x0416-merge-1-5,12,A71EV2A-x0922_A_147_A71EV2A-x0501+A+152+1 A71EV2A-x0416_A_147_A71EV2A-x0501+A+152+1,PJIKIJXNWWFHAS-UHFFFAOYSA-N
110,Amidation,Fc1ccc(O)cc1N,O=C(O)C1CCCO1,,O=C(Nc1cc(O)ccc1F)C1CCCO1,Williamson_ether_synthesis,O=C(Nc1cc(O)ccc1F)C1CCCO1,CN(C)C(=O)CCl,1.0,CN(C)C(=O)COc1ccc(F)c(NC(=O)C2CCCO2)c1,,,,,,,,,,,CN(C)C(=O)COc1ccc(F)c(NC(=O)C2CCCO2)c1,2,x0922-x0416-merge-1-7,12,A71EV2A-x0922_A_147_A71EV2A-x0501+A+152+1 A71EV2A-x0416_A_147_A71EV2A-x0501+A+152+1,KTCXBEVEMLTTEF-UHFFFAOYSA-N,CN(C)C(=O)COc1ccc(F)c(NC(=O)C2CCCO2)c1,2,x0922-x0416-merge-1-7,12,A71EV2A-x0922_A_147_A71EV2A-x0501+A+152+1 A71EV2A-x0416_A_147_A71EV2A-x0501+A+152+1,KTCXBEVEMLTTEF-UHFFFAOYSA-N
111,Amidation,Nc1cc(O)c(C)cc1,O=C(O)C1CCCO1,,Cc1ccc(NC(=O)C2CCCO2)cc1O,Williamson_ether_synthesis,Cc1ccc(NC(=O)C2CCCO2)cc1O,CN(C)C(=O)CCl,1.0,Cc1ccc(NC(=O)C2CCCO2)cc1OCC(=O)N(C)C,,,,,,,,,,,Cc1ccc(NC(=O)C2CCCO2)cc1OCC(=O)N(C)C,2,x0922-x0416-merge-1-8,12,A71EV2A-x0922_A_147_A71EV2A-x0501+A+152+1 A71EV2A-x0416_A_147_A71EV2A-x0501+A+152+1,CGGHTLUHFDFCAS-UHFFFAOYSA-N,Cc1ccc(NC(=O)C2CCCO2)cc1OCC(=O)N(C)C,2,x0922-x0416-merge-1-8,12,A71EV2A-x0922_A_147_A71EV2A-x0501+A+152+1 A71EV2A-x0416_A_147_A71EV2A-x0501+A+152+1,CGGHTLUHFDFCAS-UHFFFAOYSA-N
112,Amidation,Nc1cc(O)c(C)cc1C,O=C(O)C1CCCO1,,Cc1cc(C)c(NC(=O)C2CCCO2)cc1O,Williamson_ether_synthesis,Cc1cc(C)c(NC(=O)C2CCCO2)cc1O,CN(C)C(=O)CCl,1.0,Cc1cc(C)c(OCC(=O)N(C)C)cc1NC(=O)C1CCCO1,,,,,,,,,,,Cc1cc(C)c(OCC(=O)N(C)C)cc1NC(=O)C1CCCO1,2,x0922-x0416-merge-1-9,13,A71EV2A-x0922_A_147_A71EV2A-x0501+A+152+1 A71EV2A-x0416_A_147_A71EV2A-x0501+A+152+1,SRDGULMUCFCNKM-UHFFFAOYSA-N,Cc1cc(C)c(OCC(=O)N(C)C)cc1NC(=O)C1CCCO1,2,x0922-x0416-merge-1-9,13,A71EV2A-x0922_A_147_A71EV2A-x0501+A+152+1 A71EV2A-x0416_A_147_A71EV2A-x0501+A+152+1,SRDGULMUCFCNKM-UHFFFAOYSA-N
113,Amidation,Nc1cncc(O)c1,O=C(O)C1CCCO1,,O=C(Nc1cncc(O)c1)C1CCCO1,Williamson_ether_synthesis,O=C(Nc1cncc(O)c1)C1CCCO1,CN(C)C(=O)CCl,1.0,CN(C)C(=O)COc1cncc(NC(=O)C2CCCO2)c1,,,,,,,,,,,CN(C)C(=O)COc1cncc(NC(=O)C2CCCO2)c1,2,x0922-x0416-merge-1-10,13,A71EV2A-x0922_A_147_A71EV2A-x0501+A+152+1 A71EV2A-x0416_A_147_A71EV2A-x0501+A+152+1,JOQRKFCIIQYZLX-UHFFFAOYSA-N,CN(C)C(=O)COc1cncc(NC(=O)C2CCCO2)c1,2,x0922-x0416-merge-1-10,13,A71EV2A-x0922_A_147_A71EV2A-x0501+A+152+1 A71EV2A-x0416_A_147_A71EV2A-x0501+A+152+1,JOQRKFCIIQYZLX-UHFFFAOYSA-N
114,Amidation,Nc1ccnc(O)c1,O=C(O)C1CCCO1,,O=C(Nc1ccnc(O)c1)C1CCCO1,Williamson_ether_synthesis,O=C(Nc1ccnc(O)c1)C1CCCO1,CN(C)C(=O)CCl,1.0,CN(C)C(=O)COc1cc(NC(=O)C2CCCO2)ccn1,,,,,,,,,,,CN(C)C(=O)COc1cc(NC(=O)C2CCCO2)ccn1,2,x0922-x0416-merge-1-11,13,A71EV2A-x0922_A_147_A71EV2A-x0501+A+152+1 A71EV2A-x0416_A_147_A71EV2A-x0501+A+152+1,PYNBBVRZWAORJG-UHFFFAOYSA-N,CN(C)C(=O)COc1cc(NC(=O)C2CCCO2)ccn1,2,x0922-x0416-merge-1-11,13,A71EV2A-x0922_A_147_A71EV2A-x0501+A+152+1 A71EV2A-x0416_A_147_A71EV2A-x0501+A+152+1,PYNBBVRZWAORJG-UHFFFAOYSA-N
115,Amidation,CC(C)(C)OC(=O)Nc1ccccc1(N),O=C(O)CO,,CC(C)(C)OC(=O)Nc1ccccc1(NC(=O)CO),N-Boc_deprotection,CC(C)(C)OC(=O)Nc1ccccc1(NC(=O)CO),,1.0,c1cccc(NC(=O)CO)c1(N),Amidation,c1cccc(NC(=O)CO)c1(N),N#CCC(=O)O,1.0,N#CCC(=O)Nc1ccccc1(NC(=O)CO),,,,,,N#CCC(=O)Nc1ccccc1(NC(=O)CO),3,x0310-x0732-merge-3-1,13,A71EV2A-x0310_A_147_A71EV2A-x0501+A+152+1 A71EV2A-x0732_A_201_A71EV2A-x0501+A+152+1,LISNPGIFHAQIEO-UHFFFAOYSA-N,N#CCC(=O)Nc1ccccc1(NC(=O)CO),3,x0310-x0732-merge-3-1,13,A71EV2A-x0310_A_147_A71EV2A-x0501+A+152+1 A71EV2A-x0732_A_201_A71EV2A-x0501+A+152+1,LISNPGIFHAQIEO-UHFFFAOYSA-N
116,Amidation,CC(C)(C)OC(=O)Nc1ccc(C)cc1(N),O=C(O)CO,,CC(C)(C)OC(=O)Nc1ccc(C)cc1(NC(=O)CO),N-Boc_deprotection,CC(C)(C)OC(=O)Nc1ccc(C)cc1(NC(=O)CO),,1.0,c1cc(C)cc(NC(=O)CO)c1(N),Amidation,c1cc(C)cc(NC(=O)CO)c1(N),N#CCC(=O)O,1.0,Cc1cc(NC(=O)CO)c(NC(=O)CC#N)cc1,,,,,,Cc1cc(NC(=O)CO)c(NC(=O)CC#N)cc1,3,x0310-x0732-merge-3-2,13,A71EV2A-x0310_A_147_A71EV2A-x0501+A+152+1 A71EV2A-x0732_A_201_A71EV2A-x0501+A+152+1,HZNFTESFLXXWPL-UHFFFAOYSA-N,Cc1cc(NC(=O)CO)c(NC(=O)CC#N)cc1,3,x0310-x0732-merge-3-2,13,A71EV2A-x0310_A_147_A71EV2A-x0501+A+152+1 A71EV2A-x0732_A_201_A71EV2A-x0501+A+152+1,HZNFTESFLXXWPL-UHFFFAOYSA-N
117,Amidation,CC(C)(C)OC(=O)Nc1ccncc1(N),O=C(O)CO,,CC(C)(C)OC(=O)Nc1ccncc1(NC(=O)CO),N-Boc_deprotection,CC(C)(C)OC(=O)Nc1ccncc1(NC(=O)CO),,1.0,c1cncc(NC(=O)CO)c1(N),Amidation,c1cncc(NC(=O)CO)c1(N),N#CCC(=O)O,1.0,N#CCC(=O)Nc1ccncc1(NC(=O)CO),,,,,,N#CCC(=O)Nc1ccncc1(NC(=O)CO),3,x0310-x0732-merge-3-3,13,A71EV2A-x0310_A_147_A71EV2A-x0501+A+152+1 A71EV2A-x0732_A_201_A71EV2A-x0501+A+152+1,GCAQUNSOGCAEFO-UHFFFAOYSA-N,N#CCC(=O)Nc1ccncc1(NC(=O)CO),3,x0310-x0732-merge-3-3,13,A71EV2A-x0310_A_147_A71EV2A-x0501+A+152+1 A71EV2A-x0732_A_201_A71EV2A-x0501+A+152+1,GCAQUNSOGCAEFO-UHFFFAOYSA-N
118,Amidation,CC(C)(C)OC(=O)Nc1c(C)cccc1(N),O=C(O)CO,,CC(C)(C)OC(=O)Nc1c(C)cccc1(NC(=O)CO),N-Boc_deprotection,CC(C)(C)OC(=O)Nc1c(C)cccc1(NC(=O)CO),,1.0,c1(C)cccc(NC(=O)CO)c1(N),Amidation,c1(C)cccc(NC(=O)CO)c1(N),N#CCC(=O)O,1.0,Cc1cccc(NC(=O)CO)c1NC(=O)CC#N,,,,,,Cc1cccc(NC(=O)CO)c1NC(=O)CC#N,3,x0310-x0732-merge-3-4,13,A71EV2A-x0310_A_147_A71EV2A-x0501+A+152+1 A71EV2A-x0732_A_201_A71EV2A-x0501+A+152+1,XBMUEFOOXYBEDQ-UHFFFAOYSA-N,Cc1cccc(NC(=O)CO)c1NC(=O)CC#N,3,x0310-x0732-merge-3-4,13,A71EV2A-x0310_A_147_A71EV2A-x0501+A+152+1 A71EV2A-x0732_A_201_A71EV2A-x0501+A+152+1,XBMUEFOOXYBEDQ-UHFFFAOYSA-N
119,Amidation,CC(C)(C)OC(=O)Nc1c(F)cccc1(N),O=C(O)CO,,CC(C)(C)OC(=O)Nc1c(F)cccc1(NC(=O)CO),N-Boc_deprotection,CC(C)(C)OC(=O)Nc1c(F)cccc1(NC(=O)CO),,1.0,c1(F)cccc(NC(=O)CO)c1(N),Amidation,c1(F)cccc(NC(=O)CO)c1(N),N#CCC(=O)O,1.0,N#CCC(=O)Nc1c(NC(=O)CO)cccc1F,,,,,,N#CCC(=O)Nc1c(NC(=O)CO)cccc1F,3,x0310-x0732-merge-3-5,13,A71EV2A-x0310_A_147_A71EV2A-x0501+A+152+1 A71EV2A-x0732_A_201_A71EV2A-x0501+A+152+1,YREOFFMAGZFGRV-UHFFFAOYSA-N,N#CCC(=O)Nc1c(NC(=O)CO)cccc1F,3,x0310-x0732-merge-3-5,13,A71EV2A-x0310_A_147_A71EV2A-x0501+A+152+1 A71EV2A-x0732_A_201_A71EV2A-x0501+A+152+1,YREOFFMAGZFGRV-UHFFFAOYSA-N
120,Amidation,CC(C)(C)OC(=O)Nc1cc(F)ccc1(N),O=C(O)CO,,CC(C)(C)OC(=O)Nc1cc(F)ccc1(NC(=O)CO),N-Boc_deprotection,CC(C)(C)OC(=O)Nc1cc(F)ccc1(NC(=O)CO),,1.0,c1c(F)ccc(NC(=O)CO)c1(N),Amidation,c1c(F)ccc(NC(=O)CO)c1(N),N#CCC(=O)O,1.0,c1cc(NC(=O)CO)c(NC(=O)CC#N)cc1F,,,,,,c1cc(NC(=O)CO)c(NC(=O)CC#N)cc1F,3,x0310-x0732-merge-3-6,13,A71EV2A-x0310_A_147_A71EV2A-x0501+A+152+1 A71EV2A-x0732_A_201_A71EV2A-x0501+A+152+1,VXLLSVROUGTXAB-UHFFFAOYSA-N,c1cc(NC(=O)CO)c(NC(=O)CC#N)cc1F,3,x0310-x0732-merge-3-6,13,A71EV2A-x0310_A_147_A71EV2A-x0501+A+152+1 A71EV2A-x0732_A_201_A71EV2A-x0501+A+152+1,VXLLSVROUGTXAB-UHFFFAOYSA-N
