smiles,reactants,reaction_names,num_steps,compound_set,batch,hits,name,outputs
Cn1ncc(NC(=O)CC#N)c1NC(=O)C1CCCO1,"[('Cn1ncc(NC(=O)OC(C)(C)C)c1N', 'O=C(O)C1CCCO1'), 'Cn1ncc(NC(=O)OC(C)(C)C)c1NC(=O)C1CCCO1', ('Cn1ncc(N)c1NC(=O)C1CCCO1', 'N#CCC(=O)O')]","['Amidation', 'N-Boc_deprotection', 'Amidation']",3,x0310-x0416-merge-1-1,0,A71EV2A-x0310_A_147_A71EV2A-x0501+A+152+1 A71EV2A-x0416_A_147_A71EV2A-x0501+A+152+1,LXINEYASRREWNB-UHFFFAOYSA-N,to_hippo
N#CCC(=O)Nc1cccc(NC(=O)C2CCCO2)c1,"[('CC(C)(C)OC(=O)Nc1cccc(N)c1', 'O=C(O)C1CCCO1'), 'CC(C)(C)OC(=O)Nc1cccc(NC(=O)C2CCCO2)c1', ('Nc1cccc(NC(=O)C2CCCO2)c1', 'N#CCC(=O)O')]","['Amidation', 'N-Boc_deprotection', 'Amidation']",3,x0310-x0416-merge-2-1,0,A71EV2A-x0310_A_147_A71EV2A-x0501+A+152+1 A71EV2A-x0416_A_147_A71EV2A-x0501+A+152+1,BHKVBKDDVLQZCR-UHFFFAOYSA-N,to_hippo
Cc1ccc(NC(=O)CC#N)cc1NC(=O)C1CCCO1,"[('CC(C)(C)OC(=O)Nc1cc(N)c(C)cc1', 'O=C(O)C1CCCO1'), 'Cc1ccc(NC(=O)OC(C)(C)C)cc1NC(=O)C1CCCO1', ('Cc1ccc(N)cc1NC(=O)C1CCCO1', 'N#CCC(=O)O')]","['Amidation', 'N-Boc_deprotection', 'Amidation']",3,x0310-x0416-merge-2-2,0,A71EV2A-x0310_A_147_A71EV2A-x0501+A+152+1 A71EV2A-x0416_A_147_A71EV2A-x0501+A+152+1,CEQDLNCRDRYDKS-UHFFFAOYSA-N,to_hippo
N#CCC(=O)Nc1ccnc(NC(=O)C2CCCO2)c1,"[('Nc1cc(NC(=O)OC(C)(C)C)ccn1', 'O=C(O)C1CCCO1'), 'CC(C)(C)OC(=O)Nc1ccnc(NC(=O)C2CCCO2)c1', ('Nc1ccnc(NC(=O)C2CCCO2)c1', 'N#CCC(=O)O')]","['Amidation', 'N-Boc_deprotection', 'Amidation']",3,x0310-x0416-merge-2-3,0,A71EV2A-x0310_A_147_A71EV2A-x0501+A+152+1 A71EV2A-x0416_A_147_A71EV2A-x0501+A+152+1,GHOYNZDJCPMSBM-UHFFFAOYSA-N,to_hippo
Cc1ccc(NC(=O)C2CCCO2)cc1NC(=O)CC#N,"[('CC(C)(C)OC(=O)Nc1cc(N)ccc1C', 'O=C(O)C1CCCO1'), 'Cc1ccc(NC(=O)C2CCCO2)cc1NC(=O)OC(C)(C)C', ('Cc1ccc(NC(=O)C2CCCO2)cc1N', 'N#CCC(=O)O')]","['Amidation', 'N-Boc_deprotection', 'Amidation']",3,x0310-x0416-merge-2-4,0,A71EV2A-x0310_A_147_A71EV2A-x0501+A+152+1 A71EV2A-x0416_A_147_A71EV2A-x0501+A+152+1,BCPKNOZHZDDVQN-UHFFFAOYSA-N,none
Cc1ccc(NC(=O)C2CCCO2)cc1NC(=O)CC#N,"[('CC(C)(C)OC(=O)Nc1cc(N)ccc1C', 'O=C(O)C1CCCO1'), 'Cc1ccc(NC(=O)C2CCCO2)cc1NC(=O)OC(C)(C)C', ('Cc1ccc(NC(=O)C2CCCO2)cc1N', 'N#CCC(=O)O')]","['Amidation', 'N-Boc_deprotection', 'Amidation']",3,x0310-x0416-merge-2-5,0,A71EV2A-x0310_A_147_A71EV2A-x0501+A+152+1 A71EV2A-x0416_A_147_A71EV2A-x0501+A+152+1,BCPKNOZHZDDVQN-UHFFFAOYSA-N,to_hippo
N#CCC(=O)Nc1cc(NC(=O)C2CCCO2)ccc1F,"[('CC(C)(C)OC(=O)Nc1cc(N)ccc1F', 'O=C(O)C1CCCO1'), 'CC(C)(C)OC(=O)Nc1cc(NC(=O)C2CCCO2)ccc1F', ('Nc1cc(NC(=O)C2CCCO2)ccc1F', 'N#CCC(=O)O')]","['Amidation', 'N-Boc_deprotection', 'Amidation']",3,x0310-x0416-merge-2-6,0,A71EV2A-x0310_A_147_A71EV2A-x0501+A+152+1 A71EV2A-x0416_A_147_A71EV2A-x0501+A+152+1,UASLKFQKYXHLQJ-UHFFFAOYSA-N,to_hippo
Cc1cc(NC(=O)CC#N)cc(NC(=O)C2CCCO2)c1,"[('CC(C)(C)OC(=O)Nc1cc(C)cc(N)c1', 'O=C(O)C1CCCO1'), 'Cc1cc(NC(=O)OC(C)(C)C)cc(NC(=O)C2CCCO2)c1', ('Cc1cc(N)cc(NC(=O)C2CCCO2)c1', 'N#CCC(=O)O')]","['Amidation', 'N-Boc_deprotection', 'Amidation']",3,x0310-x0416-merge-2-7,0,A71EV2A-x0310_A_147_A71EV2A-x0501+A+152+1 A71EV2A-x0416_A_147_A71EV2A-x0501+A+152+1,GOUNARLEGNWPCP-UHFFFAOYSA-N,none
Cc1cc(NC(=O)CC#N)cc(NC(=O)C2CCCO2)c1,"[('CC(C)(C)OC(=O)Nc1cc(N)cc(C)c1', 'O=C(O)C1CCCO1'), 'Cc1cc(NC(=O)OC(C)(C)C)cc(NC(=O)C2CCCO2)c1', ('Cc1cc(N)cc(NC(=O)C2CCCO2)c1', 'N#CCC(=O)O')]","['Amidation', 'N-Boc_deprotection', 'Amidation']",3,x0310-x0416-merge-2-8,0,A71EV2A-x0310_A_147_A71EV2A-x0501+A+152+1 A71EV2A-x0416_A_147_A71EV2A-x0501+A+152+1,GOUNARLEGNWPCP-UHFFFAOYSA-N,to_hippo
Cn1ncc(NC(=O)CC#N)c1NC(=O)CO,"[('Cn1ncc(NC(=O)OC(C)(C)C)c1N', 'O=C(O)CO'), 'Cn1ncc(NC(=O)OC(C)(C)C)c1NC(=O)CO', ('Cn1ncc(N)c1NC(=O)CO', 'N#CCC(=O)O')]","['Amidation', 'N-Boc_deprotection', 'Amidation']",3,x0310-x0732-merge-1-1,0,A71EV2A-x0310_A_147_A71EV2A-x0501+A+152+1 A71EV2A-x0732_A_201_A71EV2A-x0501+A+152+1,DCIDJYONTYLQEI-UHFFFAOYSA-N,to_hippo
N#CCC(=O)Nc1cccc(NC(=O)CO)c1,"[('CC(C)(C)OC(=O)Nc1cccc(N)c1', 'O=C(O)CO'), 'CC(C)(C)OC(=O)Nc1cccc(NC(=O)CO)c1', ('Nc1cccc(NC(=O)CO)c1', 'N#CCC(=O)O')]","['Amidation', 'N-Boc_deprotection', 'Amidation']",3,x0310-x0732-merge-2-1,1,A71EV2A-x0310_A_147_A71EV2A-x0501+A+152+1 A71EV2A-x0732_A_201_A71EV2A-x0501+A+152+1,IGUPJTYXYZPOEC-UHFFFAOYSA-N,base-check
Cc1ccc(NC(=O)CC#N)cc1NC(=O)CO,"[('CC(C)(C)OC(=O)Nc1cc(N)c(C)cc1', 'O=C(O)CO'), 'Cc1ccc(NC(=O)OC(C)(C)C)cc1NC(=O)CO', ('Cc1ccc(N)cc1NC(=O)CO', 'N#CCC(=O)O')]","['Amidation', 'N-Boc_deprotection', 'Amidation']",3,x0310-x0732-merge-2-2,1,A71EV2A-x0310_A_147_A71EV2A-x0501+A+152+1 A71EV2A-x0732_A_201_A71EV2A-x0501+A+152+1,NBJGZNPZLLTJSQ-UHFFFAOYSA-N,base-check
N#CCC(=O)Nc1ccnc(NC(=O)CO)c1,"[('Nc1cc(NC(=O)OC(C)(C)C)ccn1', 'O=C(O)CO'), 'CC(C)(C)OC(=O)Nc1ccnc(NC(=O)CO)c1', ('Nc1ccnc(NC(=O)CO)c1', 'N#CCC(=O)O')]","['Amidation', 'N-Boc_deprotection', 'Amidation']",3,x0310-x0732-merge-2-3,1,A71EV2A-x0310_A_147_A71EV2A-x0501+A+152+1 A71EV2A-x0732_A_201_A71EV2A-x0501+A+152+1,ODONBPGOOMWOPQ-UHFFFAOYSA-N,base-check
Cc1ccc(NC(=O)CO)cc1NC(=O)CC#N,"[('CC(C)(C)OC(=O)Nc1cc(N)ccc1C', 'O=C(O)CO'), 'Cc1ccc(NC(=O)CO)cc1NC(=O)OC(C)(C)C', ('Cc1ccc(NC(=O)CO)cc1N', 'N#CCC(=O)O')]","['Amidation', 'N-Boc_deprotection', 'Amidation']",3,x0310-x0732-merge-2-4,1,A71EV2A-x0310_A_147_A71EV2A-x0501+A+152+1 A71EV2A-x0732_A_201_A71EV2A-x0501+A+152+1,TYJSTJNCXZDPLY-UHFFFAOYSA-N,base-check
Cc1ccc(NC(=O)CO)cc1NC(=O)CC#N,"[('CC(C)(C)OC(=O)Nc1cc(N)ccc1C', 'O=C(O)CO'), 'Cc1ccc(NC(=O)CO)cc1NC(=O)OC(C)(C)C', ('Cc1ccc(NC(=O)CO)cc1N', 'N#CCC(=O)O')]","['Amidation', 'N-Boc_deprotection', 'Amidation']",3,x0310-x0732-merge-2-5,1,A71EV2A-x0310_A_147_A71EV2A-x0501+A+152+1 A71EV2A-x0732_A_201_A71EV2A-x0501+A+152+1,TYJSTJNCXZDPLY-UHFFFAOYSA-N,base-check
N#CCC(=O)Nc1cc(NC(=O)CO)ccc1F,"[('CC(C)(C)OC(=O)Nc1cc(N)ccc1F', 'O=C(O)CO'), 'CC(C)(C)OC(=O)Nc1cc(NC(=O)CO)ccc1F', ('Nc1cc(NC(=O)CO)ccc1F', 'N#CCC(=O)O')]","['Amidation', 'N-Boc_deprotection', 'Amidation']",3,x0310-x0732-merge-2-6,1,A71EV2A-x0310_A_147_A71EV2A-x0501+A+152+1 A71EV2A-x0732_A_201_A71EV2A-x0501+A+152+1,JVLRHPWRWSSGDH-UHFFFAOYSA-N,base-check
Cc1cc(NC(=O)CO)cc(NC(=O)CC#N)c1,"[('CC(C)(C)OC(=O)Nc1cc(C)cc(N)c1', 'O=C(O)CO'), 'Cc1cc(NC(=O)CO)cc(NC(=O)OC(C)(C)C)c1', ('Cc1cc(N)cc(NC(=O)CO)c1', 'N#CCC(=O)O')]","['Amidation', 'N-Boc_deprotection', 'Amidation']",3,x0310-x0732-merge-2-7,1,A71EV2A-x0310_A_147_A71EV2A-x0501+A+152+1 A71EV2A-x0732_A_201_A71EV2A-x0501+A+152+1,MBMRUNGQBMGNOP-UHFFFAOYSA-N,base-check
Cc1cc(NC(=O)CO)cc(NC(=O)CC#N)c1,"[('CC(C)(C)OC(=O)Nc1cc(N)cc(C)c1', 'O=C(O)CO'), 'Cc1cc(NC(=O)CO)cc(NC(=O)OC(C)(C)C)c1', ('Cc1cc(N)cc(NC(=O)CO)c1', 'N#CCC(=O)O')]","['Amidation', 'N-Boc_deprotection', 'Amidation']",3,x0310-x0732-merge-2-8,1,A71EV2A-x0310_A_147_A71EV2A-x0501+A+152+1 A71EV2A-x0732_A_201_A71EV2A-x0501+A+152+1,MBMRUNGQBMGNOP-UHFFFAOYSA-N,base-check
Cc1cc(NC(=O)CC#N)cc(OCC(=O)N2CCOCC2)c1,"[('Cc1cc(O)cc(N)c1', 'N#CCC(=O)O'), ('Cc1cc(O)cc(NC(=O)CC#N)c1', 'O=C(CCl)N1CCOCC1')]","['Amidation', 'Williamson_ether_synthesis']",2,x0310-x0739-merge-2-1,1,A71EV2A-x0310_A_147_A71EV2A-x0501+A+152+1 A71EV2A-x0739_A_147_A71EV2A-x0501+A+152+1,FQGGXMVTNBDGEE-UHFFFAOYSA-N,to_hippo
Cc1cnc(OCC(=O)N2CCOCC2)cc1NC(=O)CC#N,"[('Cc1cnc(O)cc1N', 'N#CCC(=O)O'), ('Cc1cnc(O)cc1NC(=O)CC#N', 'O=C(CCl)N1CCOCC1')]","['Amidation', 'Williamson_ether_synthesis']",2,x0310-x0739-merge-2-2,1,A71EV2A-x0310_A_147_A71EV2A-x0501+A+152+1 A71EV2A-x0739_A_147_A71EV2A-x0501+A+152+1,WCNAXNCVZXMWKF-UHFFFAOYSA-N,to_hippo
Cc1cc(NC(=O)CC#N)cc(OCC(=O)N2CCOCC2)c1,"[('Cc1cc(O)cc(N)c1', 'N#CCC(=O)O'), ('Cc1cc(O)cc(NC(=O)CC#N)c1', 'O=C(CCl)N1CCOCC1')]","['Amidation', 'Williamson_ether_synthesis']",2,x0310-x0739-merge-2-3,2,A71EV2A-x0310_A_147_A71EV2A-x0501+A+152+1 A71EV2A-x0739_A_147_A71EV2A-x0501+A+152+1,FQGGXMVTNBDGEE-UHFFFAOYSA-N,to_hippo
N#CCC(=O)Nc1cccc(OCC(=O)N2CCOCC2)c1,"[('Nc1cccc(O)c1', 'N#CCC(=O)O'), ('N#CCC(=O)Nc1cccc(O)c1', 'O=C(CCl)N1CCOCC1')]","['Amidation', 'Williamson_ether_synthesis']",2,x0310-x0739-merge-2-4,2,A71EV2A-x0310_A_147_A71EV2A-x0501+A+152+1 A71EV2A-x0739_A_147_A71EV2A-x0501+A+152+1,CLVVEVVTKNLLLU-UHFFFAOYSA-N,to_hippo
Cc1ccc(OCC(=O)N2CCOCC2)cc1NC(=O)CC#N,"[('Cc1ccc(O)cc1N', 'N#CCC(=O)O'), ('Cc1ccc(O)cc1NC(=O)CC#N', 'O=C(CCl)N1CCOCC1')]","['Amidation', 'Williamson_ether_synthesis']",2,x0310-x0739-merge-2-5,2,A71EV2A-x0310_A_147_A71EV2A-x0501+A+152+1 A71EV2A-x0739_A_147_A71EV2A-x0501+A+152+1,ZEEZCEGNYUPWRG-UHFFFAOYSA-N,none
Cc1ccc(OCC(=O)N2CCOCC2)cc1NC(=O)CC#N,"[('Cc1ccc(O)cc1N', 'N#CCC(=O)O'), ('Cc1ccc(O)cc1NC(=O)CC#N', 'O=C(CCl)N1CCOCC1')]","['Amidation', 'Williamson_ether_synthesis']",2,x0310-x0739-merge-2-6,2,A71EV2A-x0310_A_147_A71EV2A-x0501+A+152+1 A71EV2A-x0739_A_147_A71EV2A-x0501+A+152+1,ZEEZCEGNYUPWRG-UHFFFAOYSA-N,to_hippo
N#CCC(=O)Nc1cc(OCC(=O)N2CCOCC2)ccc1F,"[('Fc1ccc(O)cc1N', 'N#CCC(=O)O'), ('N#CCC(=O)Nc1cc(O)ccc1F', 'O=C(CCl)N1CCOCC1')]","['Amidation', 'Williamson_ether_synthesis']",2,x0310-x0739-merge-2-7,2,A71EV2A-x0310_A_147_A71EV2A-x0501+A+152+1 A71EV2A-x0739_A_147_A71EV2A-x0501+A+152+1,SXKJOQUQPNBOSA-UHFFFAOYSA-N,to_hippo
Cc1ccc(NC(=O)CC#N)cc1OCC(=O)N1CCOCC1,"[('Nc1cc(O)c(C)cc1', 'N#CCC(=O)O'), ('Cc1ccc(NC(=O)CC#N)cc1O', 'O=C(CCl)N1CCOCC1')]","['Amidation', 'Williamson_ether_synthesis']",2,x0310-x0739-merge-2-8,2,A71EV2A-x0310_A_147_A71EV2A-x0501+A+152+1 A71EV2A-x0739_A_147_A71EV2A-x0501+A+152+1,KYUARQFQJUCNFW-UHFFFAOYSA-N,to_hippo
Cc1cc(C)c(OCC(=O)N2CCOCC2)cc1NC(=O)CC#N,"[('Nc1cc(O)c(C)cc1C', 'N#CCC(=O)O'), ('Cc1cc(C)c(NC(=O)CC#N)cc1O', 'O=C(CCl)N1CCOCC1')]","['Amidation', 'Williamson_ether_synthesis']",2,x0310-x0739-merge-2-9,2,A71EV2A-x0310_A_147_A71EV2A-x0501+A+152+1 A71EV2A-x0739_A_147_A71EV2A-x0501+A+152+1,AKCZIULVMOLGHC-UHFFFAOYSA-N,to_hippo
N#CCC(=O)Nc1cncc(OCC(=O)N2CCOCC2)c1,"[('Nc1cncc(O)c1', 'N#CCC(=O)O'), ('N#CCC(=O)Nc1cncc(O)c1', 'O=C(CCl)N1CCOCC1')]","['Amidation', 'Williamson_ether_synthesis']",2,x0310-x0739-merge-2-10,2,A71EV2A-x0310_A_147_A71EV2A-x0501+A+152+1 A71EV2A-x0739_A_147_A71EV2A-x0501+A+152+1,XNQQWKFGJZTTEX-UHFFFAOYSA-N,to_hippo
N#CCC(=O)Nc1ccnc(OCC(=O)N2CCOCC2)c1,"[('Nc1ccnc(O)c1', 'N#CCC(=O)O'), ('N#CCC(=O)Nc1ccnc(O)c1', 'O=C(CCl)N1CCOCC1')]","['Amidation', 'Williamson_ether_synthesis']",2,x0310-x0739-merge-2-11,2,A71EV2A-x0310_A_147_A71EV2A-x0501+A+152+1 A71EV2A-x0739_A_147_A71EV2A-x0501+A+152+1,CVBLKWHDGHXHMC-UHFFFAOYSA-N,to_hippo
CN(C)C(=O)c1ccc(F)cc1OC1CCN(C)C1=O,"[('O=C(c1ccc(F)cc1Cl)N(C)C', 'O=C1C(O)CCN1C')]",['Nucleophilic_substitution'],1,x0528-x0450-merge-1-1,2,A71EV2A-x0528_A_147_A71EV2A-x0501+A+152+1 A71EV2A-x0450_A_201_A71EV2A-x0501+A+152+1,OTTBQIGJBPRLCN-UHFFFAOYSA-N,base-check
CN(C)C(=O)c1ccccc1OC1CCN(C)C1=O,"[('CN(C)C(=O)c1ccccc1Cl', 'O=C1C(O)CCN1C')]",['Nucleophilic_substitution'],1,x0528-x0450-merge-1-2,3,A71EV2A-x0528_A_147_A71EV2A-x0501+A+152+1 A71EV2A-x0450_A_201_A71EV2A-x0501+A+152+1,CKSCOKHGLICLHQ-UHFFFAOYSA-N,base-check
CN1CCC(Oc2ccccc2OCC(=O)N2CCOCC2)C1=O,"[('C[Si](C)(Oc1ccccc1O)C(C)(C)C', 'O=C1C(Cl)CCN1C'), 'CN1CCC(Oc2ccccc2O[Si](C)(C)C(C)(C)C)C1=O', ('CN1CCC(Oc2ccccc2O)C1=O', 'O=C(CCl)N1CCOCC1')]","['Williamson_ether_synthesis', 'TBS_alcohol_deprotection', 'Williamson_ether_synthesis']",3,x0528-x0739-merge-1-1,3,A71EV2A-x0528_A_147_A71EV2A-x0501+A+152+1 A71EV2A-x0739_A_147_A71EV2A-x0501+A+152+1,QDEXMOJNLWMDJW-UHFFFAOYSA-N,base-check
Cc1cccc(OC2CCN(C)C2=O)c1OCC(=O)N1CCOCC1,"[('Cc1cccc(O)c1OCc1ccccc1', 'O=C1C(Cl)CCN1C'), 'Cc1cccc(OC2CCN(C)C2=O)c1OCc1ccccc1', ('Cc1cccc(OC2CCN(C)C2=O)c1O', 'O=C(CCl)N1CCOCC1')]","['Williamson_ether_synthesis', 'Benzyl_alcohol_deprotection', 'Williamson_ether_synthesis']",3,x0528-x0739-merge-1-2,3,A71EV2A-x0528_A_147_A71EV2A-x0501+A+152+1 A71EV2A-x0739_A_147_A71EV2A-x0501+A+152+1,UASUHFYDLOTSPQ-UHFFFAOYSA-N,output
Cc1cc(C)c(OCC(=O)N2CCOCC2)c(OC2CCN(C)C2=O)c1,"[('Cc1cc(O)c(OCc2ccccc2)c(C)c1', 'O=C1C(Cl)CCN1C'), 'Cc1cc(C)c(OCc2ccccc2)c(OC2CCN(C)C2=O)c1', ('Cc1cc(C)c(O)c(OC2CCN(C)C2=O)c1', 'O=C(CCl)N1CCOCC1')]","['Williamson_ether_synthesis', 'Benzyl_alcohol_deprotection', 'Williamson_ether_synthesis']",3,x0528-x0739-merge-1-3,3,A71EV2A-x0528_A_147_A71EV2A-x0501+A+152+1 A71EV2A-x0739_A_147_A71EV2A-x0501+A+152+1,WKZRUHMHRSTISJ-UHFFFAOYSA-N,output
Cc1ccc(OC2CCN(C)C2=O)c(OCC(=O)N2CCOCC2)c1,"[('Cc1cc(OCc2ccccc2)c(O)cc1', 'O=C1C(Cl)CCN1C'), 'Cc1ccc(OC2CCN(C)C2=O)c(OCc2ccccc2)c1', ('Cc1ccc(OC2CCN(C)C2=O)c(O)c1', 'O=C(CCl)N1CCOCC1')]","['Williamson_ether_synthesis', 'Benzyl_alcohol_deprotection', 'Williamson_ether_synthesis']",3,x0528-x0739-merge-1-4,3,A71EV2A-x0528_A_147_A71EV2A-x0501+A+152+1 A71EV2A-x0739_A_147_A71EV2A-x0501+A+152+1,BRPRTCVLXGUWHL-UHFFFAOYSA-N,base-check
Cc1cnc(OCC(=O)N2CCOCC2)c(OC2CCN(C)C2=O)c1,"[('Cc1cnc(OCc2ccccc2)c(O)c1', 'O=C1C(Cl)CCN1C'), 'Cc1cnc(OCc2ccccc2)c(OC2CCN(C)C2=O)c1', ('Cc1cnc(O)c(OC2CCN(C)C2=O)c1', 'O=C(CCl)N1CCOCC1')]","['Williamson_ether_synthesis', 'Benzyl_alcohol_deprotection', 'Williamson_ether_synthesis']",3,x0528-x0739-merge-1-5,3,A71EV2A-x0528_A_147_A71EV2A-x0501+A+152+1 A71EV2A-x0739_A_147_A71EV2A-x0501+A+152+1,WAIPLHISPZPDCO-UHFFFAOYSA-N,base-check
CC(=O)Nc1cccc(NC(C)=O)c1CNS(C)(=O)=O,"[('Brc1c(N)cccc1NC(=O)OC(C)(C)C', 'CC(=O)O'), 'CC(=O)Nc1cccc(NC(=O)OC(C)(C)C)c1Br', ('CC(=O)Nc1cccc(N)c1Br', 'CC(=O)O'), ('CC(=O)Nc1cccc(NC(C)=O)c1Br', 'CC1(C)OB(CNS(C)(=O)=O)OC1(C)C')]","['Amidation', 'N-Boc_deprotection', 'Amidation', 'Sp3-sp2_Suzuki_coupling']",4,x0884-x0719-merge-1-1,3,A71EV2A-x0884_A_147_A71EV2A-x0501+A+152+1 A71EV2A-x0719_A_301_A71EV2A-x0501+A+152+1,GNGHXHDPKASYTF-UHFFFAOYSA-N,to_hippo
CC(=O)Nc1c(CNS(C)(=O)=O)ccc(OCC(=O)N(C)C)c1Br,"[('Fc1ccc(O)c(Br)c1N', 'CC(=O)O'), ('CC(=O)Nc1c(F)ccc(O)c1Br', 'CN(C)C(=O)CCl'), ('CC(=O)Nc1c(F)ccc(OCC(=O)N(C)C)c1Br', 'CC1(C)OB(CNS(C)(=O)=O)OC1(C)C')]","['Amidation', 'Williamson_ether_synthesis', 'Sp3-sp2_Suzuki_coupling']",3,x0884-x0719-x0922-merge-2-1,3,A71EV2A-x0884_A_147_A71EV2A-x0501+A+152+1 A71EV2A-x0719_A_301_A71EV2A-x0501+A+152+1 A71EV2A-x0922_A_147_A71EV2A-x0501+A+152+1,STIQFIHEOJHUKS-UHFFFAOYSA-N,base-check
CC(=O)Nc1cccc(OCC(=O)N(C)C)c1CNS(C)(=O)=O,"[('Nc1cccc(O)c1Br', 'CC(=O)O'), ('CC(=O)Nc1cccc(O)c1Br', 'CN(C)C(=O)CCl'), ('CC(=O)Nc1cccc(OCC(=O)N(C)C)c1Br', 'CC1(C)OB(CNS(C)(=O)=O)OC1(C)C')]","['Amidation', 'Williamson_ether_synthesis', 'Sp3-sp2_Suzuki_coupling']",3,x0884-x0719-x0922-merge-2-2,3,A71EV2A-x0884_A_147_A71EV2A-x0501+A+152+1 A71EV2A-x0719_A_301_A71EV2A-x0501+A+152+1 A71EV2A-x0922_A_147_A71EV2A-x0501+A+152+1,YZOOPOJBAXYWAO-UHFFFAOYSA-N,base-check
CC(=O)Nc1cccc(C)c1NC(=O)CO,"[('CC(C)(C)OC(=O)Nc1c(C)cccc1N', 'CC(=O)O'), 'CC(=O)Nc1cccc(C)c1NC(=O)OC(C)(C)C', ('CC(=O)Nc1cccc(C)c1N', 'O=C(O)CO')]","['Amidation', 'N-Boc_deprotection', 'Amidation']",3,x0884-x0732-merge-2-1,3,A71EV2A-x0884_A_147_A71EV2A-x0501+A+152+1 A71EV2A-x0732_A_201_A71EV2A-x0501+A+152+1,HTQKETIGMLSVKZ-UHFFFAOYSA-N,to_hippo
CC(=O)Nc1ccccc1NC(=O)CO,"[('CC(C)(C)OC(=O)Nc1ccccc1N', 'CC(=O)O'), 'CC(=O)Nc1ccccc1NC(=O)OC(C)(C)C', ('CC(=O)Nc1ccccc1N', 'O=C(O)CO')]","['Amidation', 'N-Boc_deprotection', 'Amidation']",3,x0884-x0732-merge-2-2,4,A71EV2A-x0884_A_147_A71EV2A-x0501+A+152+1 A71EV2A-x0732_A_201_A71EV2A-x0501+A+152+1,XIPUDWAUXVXPNO-UHFFFAOYSA-N,to_hippo
CC(=O)Nc1cc(C)ccc1NC(=O)CO,"[('CC(C)(C)OC(=O)Nc1ccc(C)cc1N', 'CC(=O)O'), 'CC(=O)Nc1cc(C)ccc1NC(=O)OC(C)(C)C', ('CC(=O)Nc1cc(C)ccc1N', 'O=C(O)CO')]","['Amidation', 'N-Boc_deprotection', 'Amidation']",3,x0884-x0732-merge-2-3,4,A71EV2A-x0884_A_147_A71EV2A-x0501+A+152+1 A71EV2A-x0732_A_201_A71EV2A-x0501+A+152+1,PQJGLHUZTOLOOJ-UHFFFAOYSA-N,base-check
CC(=O)Nc1ccc(C)cc1NC(=O)CO,"[('CC(C)(C)OC(=O)Nc1cc(C)ccc1N', 'CC(=O)O'), 'CC(=O)Nc1ccc(C)cc1NC(=O)OC(C)(C)C', ('CC(=O)Nc1ccc(C)cc1N', 'O=C(O)CO')]","['Amidation', 'N-Boc_deprotection', 'Amidation']",3,x0884-x0732-merge-2-4,4,A71EV2A-x0884_A_147_A71EV2A-x0501+A+152+1 A71EV2A-x0732_A_201_A71EV2A-x0501+A+152+1,FQFPAZZORQAFOQ-UHFFFAOYSA-N,base-check
CC(=O)Nc1ccc(C)cc1NC(=O)CO,"[('CC(C)(C)OC(=O)Nc1cc(C)ccc1N', 'CC(=O)O'), 'CC(=O)Nc1ccc(C)cc1NC(=O)OC(C)(C)C', ('CC(=O)Nc1ccc(C)cc1N', 'O=C(O)CO')]","['Amidation', 'N-Boc_deprotection', 'Amidation']",3,x0884-x0732-merge-2-5,4,A71EV2A-x0884_A_147_A71EV2A-x0501+A+152+1 A71EV2A-x0732_A_201_A71EV2A-x0501+A+152+1,FQFPAZZORQAFOQ-UHFFFAOYSA-N,base-check
CC(=O)Nc1cccc(F)c1NC(=O)CO,"[('CC(C)(C)OC(=O)Nc1c(F)cccc1N', 'CC(=O)O'), 'CC(=O)Nc1cccc(F)c1NC(=O)OC(C)(C)C', ('CC(=O)Nc1cccc(F)c1N', 'O=C(O)CO')]","['Amidation', 'N-Boc_deprotection', 'Amidation']",3,x0884-x0732-merge-2-6,4,A71EV2A-x0884_A_147_A71EV2A-x0501+A+152+1 A71EV2A-x0732_A_201_A71EV2A-x0501+A+152+1,VKJZGMPIQHJVLA-UHFFFAOYSA-N,to_hippo
CC(=O)Nc1cccc(NC(=O)CO)c1,"[('CC(C)(C)OC(=O)Nc1cccc(N)c1', 'CC(=O)O'), 'CC(=O)Nc1cccc(NC(=O)OC(C)(C)C)c1', ('CC(=O)Nc1cccc(N)c1', 'O=C(O)CO')]","['Amidation', 'N-Boc_deprotection', 'Amidation']",3,x0884-x0732-merge-3-1,4,A71EV2A-x0884_A_147_A71EV2A-x0501+A+152+1 A71EV2A-x0732_A_201_A71EV2A-x0501+A+152+1,OBUBWHPICUMDFS-UHFFFAOYSA-N,base-check
CC(=O)Nc1cc(NC(=O)CO)ccc1C,"[('CC(C)(C)OC(=O)Nc1cc(N)c(C)cc1', 'CC(=O)O'), 'CC(=O)Nc1cc(NC(=O)OC(C)(C)C)ccc1C', ('CC(=O)Nc1cc(N)ccc1C', 'O=C(O)CO')]","['Amidation', 'N-Boc_deprotection', 'Amidation']",3,x0884-x0732-merge-3-2,4,A71EV2A-x0884_A_147_A71EV2A-x0501+A+152+1 A71EV2A-x0732_A_201_A71EV2A-x0501+A+152+1,GESKIQUAEAEKEC-UHFFFAOYSA-N,base-check
CC(=O)Nc1cc(NC(=O)CO)ccn1,"[('Nc1cc(NC(=O)OC(C)(C)C)ccn1', 'CC(=O)O'), 'CC(=O)Nc1cc(NC(=O)OC(C)(C)C)ccn1', ('CC(=O)Nc1cc(N)ccn1', 'O=C(O)CO')]","['Amidation', 'N-Boc_deprotection', 'Amidation']",3,x0884-x0732-merge-3-3,4,A71EV2A-x0884_A_147_A71EV2A-x0501+A+152+1 A71EV2A-x0732_A_201_A71EV2A-x0501+A+152+1,FRTHHRMKZNHOHZ-UHFFFAOYSA-N,base-check
CC(=O)Nc1ccc(C)c(NC(=O)CO)c1,"[('CC(C)(C)OC(=O)Nc1cc(N)ccc1C', 'CC(=O)O'), 'CC(=O)Nc1ccc(C)c(NC(=O)OC(C)(C)C)c1', ('CC(=O)Nc1ccc(C)c(N)c1', 'O=C(O)CO')]","['Amidation', 'N-Boc_deprotection', 'Amidation']",3,x0884-x0732-merge-3-4,4,A71EV2A-x0884_A_147_A71EV2A-x0501+A+152+1 A71EV2A-x0732_A_201_A71EV2A-x0501+A+152+1,NBKVJXHGVIAVOZ-UHFFFAOYSA-N,base-check
CC(=O)Nc1ccc(C)c(NC(=O)CO)c1,"[('CC(C)(C)OC(=O)Nc1cc(N)ccc1C', 'CC(=O)O'), 'CC(=O)Nc1ccc(C)c(NC(=O)OC(C)(C)C)c1', ('CC(=O)Nc1ccc(C)c(N)c1', 'O=C(O)CO')]","['Amidation', 'N-Boc_deprotection', 'Amidation']",3,x0884-x0732-merge-3-5,4,A71EV2A-x0884_A_147_A71EV2A-x0501+A+152+1 A71EV2A-x0732_A_201_A71EV2A-x0501+A+152+1,NBKVJXHGVIAVOZ-UHFFFAOYSA-N,base-check
CC(=O)Nc1ccc(F)c(NC(=O)CO)c1,"[('CC(C)(C)OC(=O)Nc1cc(N)ccc1F', 'CC(=O)O'), 'CC(=O)Nc1ccc(F)c(NC(=O)OC(C)(C)C)c1', ('CC(=O)Nc1ccc(F)c(N)c1', 'O=C(O)CO')]","['Amidation', 'N-Boc_deprotection', 'Amidation']",3,x0884-x0732-merge-3-6,5,A71EV2A-x0884_A_147_A71EV2A-x0501+A+152+1 A71EV2A-x0732_A_201_A71EV2A-x0501+A+152+1,IQMJGAJBLUOSIO-UHFFFAOYSA-N,base-check
CC(=O)Nc1cc(C)cc(NC(=O)CO)c1,"[('CC(C)(C)OC(=O)Nc1cc(C)cc(N)c1', 'CC(=O)O'), 'CC(=O)Nc1cc(C)cc(NC(=O)OC(C)(C)C)c1', ('CC(=O)Nc1cc(C)cc(N)c1', 'O=C(O)CO')]","['Amidation', 'N-Boc_deprotection', 'Amidation']",3,x0884-x0732-merge-3-7,5,A71EV2A-x0884_A_147_A71EV2A-x0501+A+152+1 A71EV2A-x0732_A_201_A71EV2A-x0501+A+152+1,AQBGOYVDFRNQGD-UHFFFAOYSA-N,base-check
CC(=O)Nc1cc(C)cc(NC(=O)CO)c1,"[('CC(C)(C)OC(=O)Nc1cc(N)cc(C)c1', 'CC(=O)O'), 'CC(=O)Nc1cc(C)cc(NC(=O)OC(C)(C)C)c1', ('CC(=O)Nc1cc(C)cc(N)c1', 'O=C(O)CO')]","['Amidation', 'N-Boc_deprotection', 'Amidation']",3,x0884-x0732-merge-3-8,5,A71EV2A-x0884_A_147_A71EV2A-x0501+A+152+1 A71EV2A-x0732_A_201_A71EV2A-x0501+A+152+1,AQBGOYVDFRNQGD-UHFFFAOYSA-N,base-check
CC(=O)Nc1cccc(OCC(=O)N(C)C)c1NC(=O)CO,"[('Oc1cccc(N)c1NC(=O)OC(C)(C)C', 'CC(=O)O'), 'CC(=O)Nc1cccc(O)c1NC(=O)OC(C)(C)C', ('CC(=O)Nc1cccc(O)c1N', 'O=C(O)CO'), ('CC(=O)Nc1cccc(O)c1NC(=O)CO', 'CN(C)C(=O)CCl')]","['Amidation', 'N-Boc_deprotection', 'Amidation', 'Williamson_ether_synthesis']",4,x0884-x0732-x0922-merge-1-1,5,A71EV2A-x0884_A_147_A71EV2A-x0501+A+152+1 A71EV2A-x0732_A_201_A71EV2A-x0501+A+152+1,PNVZAYIBWRTCMN-UHFFFAOYSA-N,to_hippo
CC(=O)Nc1cc(C)cc(OCC(=O)N(C)C)c1,"[('Cc1cc(O)cc(N)c1', 'CC(=O)O'), ('CC(=O)Nc1cc(C)cc(O)c1', 'CN(C)C(=O)CCl')]","['Amidation', 'Williamson_ether_synthesis']",2,x0884-x0739-merge-3-1,5,A71EV2A-x0884_A_147_A71EV2A-x0501+A+152+1 A71EV2A-x0739_A_147_A71EV2A-x0501+A+152+1,SBHWNWCNYBGLJZ-UHFFFAOYSA-N,to_hippo
CC(=O)Nc1cc(OCC(=O)N2CCOCC2)ncc1C,"[('Cc1cnc(O)cc1N', 'CC(=O)O'), ('CC(=O)Nc1cc(O)ncc1C', 'O=C(CCl)N1CCOCC1')]","['Amidation', 'Williamson_ether_synthesis']",2,x0884-x0739-merge-3-2,5,A71EV2A-x0884_A_147_A71EV2A-x0501+A+152+1 A71EV2A-x0739_A_147_A71EV2A-x0501+A+152+1,ZVTXJLVFUAMZRS-UHFFFAOYSA-N,to_hippo
CC(=O)Nc1cc(C)cc(OCC(=O)N2CCOCC2)c1,"[('Cc1cc(O)cc(N)c1', 'CC(=O)O'), ('CC(=O)Nc1cc(C)cc(O)c1', 'O=C(CCl)N1CCOCC1')]","['Amidation', 'Williamson_ether_synthesis']",2,x0884-x0739-merge-3-3,5,A71EV2A-x0884_A_147_A71EV2A-x0501+A+152+1 A71EV2A-x0739_A_147_A71EV2A-x0501+A+152+1,NMLCPEMTBQOHIE-UHFFFAOYSA-N,to_hippo
CC(=O)Nc1cccc(OCC(=O)N2CCOCC2)c1,"[('Nc1cccc(O)c1', 'CC(=O)O'), ('CC(=O)Nc1cccc(O)c1', 'O=C(CCl)N1CCOCC1')]","['Amidation', 'Williamson_ether_synthesis']",2,x0884-x0739-merge-3-4,5,A71EV2A-x0884_A_147_A71EV2A-x0501+A+152+1 A71EV2A-x0739_A_147_A71EV2A-x0501+A+152+1,SMTYBWHFSAKKED-UHFFFAOYSA-N,to_hippo
CC(=O)Nc1cc(OCC(=O)N2CCOCC2)ccc1C,"[('Cc1ccc(O)cc1N', 'CC(=O)O'), ('CC(=O)Nc1cc(O)ccc1C', 'O=C(CCl)N1CCOCC1')]","['Amidation', 'Williamson_ether_synthesis']",2,x0884-x0739-merge-3-5,5,A71EV2A-x0884_A_147_A71EV2A-x0501+A+152+1 A71EV2A-x0739_A_147_A71EV2A-x0501+A+152+1,JKENRCTVZAQDOU-UHFFFAOYSA-N,none
CC(=O)Nc1cc(OCC(=O)N2CCOCC2)ccc1C,"[('Cc1ccc(O)cc1N', 'CC(=O)O'), ('CC(=O)Nc1cc(O)ccc1C', 'O=C(CCl)N1CCOCC1')]","['Amidation', 'Williamson_ether_synthesis']",2,x0884-x0739-merge-3-6,5,A71EV2A-x0884_A_147_A71EV2A-x0501+A+152+1 A71EV2A-x0739_A_147_A71EV2A-x0501+A+152+1,JKENRCTVZAQDOU-UHFFFAOYSA-N,to_hippo
CC(=O)Nc1cc(OCC(=O)N2CCOCC2)ccc1F,"[('Fc1ccc(O)cc1N', 'CC(=O)O'), ('CC(=O)Nc1cc(O)ccc1F', 'O=C(CCl)N1CCOCC1')]","['Amidation', 'Williamson_ether_synthesis']",2,x0884-x0739-merge-3-7,6,A71EV2A-x0884_A_147_A71EV2A-x0501+A+152+1 A71EV2A-x0739_A_147_A71EV2A-x0501+A+152+1,WMXYYSIGMVYKFL-UHFFFAOYSA-N,to_hippo
CC(=O)Nc1ccc(C)c(OCC(=O)N2CCOCC2)c1,"[('Nc1cc(O)c(C)cc1', 'CC(=O)O'), ('CC(=O)Nc1ccc(C)c(O)c1', 'O=C(CCl)N1CCOCC1')]","['Amidation', 'Williamson_ether_synthesis']",2,x0884-x0739-merge-3-8,6,A71EV2A-x0884_A_147_A71EV2A-x0501+A+152+1 A71EV2A-x0739_A_147_A71EV2A-x0501+A+152+1,VDDVVUWBLUMWLR-UHFFFAOYSA-N,to_hippo
CC(=O)Nc1cc(OCC(=O)N2CCOCC2)c(C)cc1C,"[('Nc1cc(O)c(C)cc1C', 'CC(=O)O'), ('CC(=O)Nc1cc(O)c(C)cc1C', 'O=C(CCl)N1CCOCC1')]","['Amidation', 'Williamson_ether_synthesis']",2,x0884-x0739-merge-3-9,6,A71EV2A-x0884_A_147_A71EV2A-x0501+A+152+1 A71EV2A-x0739_A_147_A71EV2A-x0501+A+152+1,JDJTZDXQRRYBMV-UHFFFAOYSA-N,to_hippo
CC(=O)Nc1cncc(OCC(=O)N2CCOCC2)c1,"[('Nc1cncc(O)c1', 'CC(=O)O'), ('CC(=O)Nc1cncc(O)c1', 'O=C(CCl)N1CCOCC1')]","['Amidation', 'Williamson_ether_synthesis']",2,x0884-x0739-merge-3-10,6,A71EV2A-x0884_A_147_A71EV2A-x0501+A+152+1 A71EV2A-x0739_A_147_A71EV2A-x0501+A+152+1,ZMNSQVIBTKNQGL-UHFFFAOYSA-N,to_hippo
CC(=O)Nc1ccnc(OCC(=O)N2CCOCC2)c1,"[('Nc1ccnc(O)c1', 'CC(=O)O'), ('CC(=O)Nc1ccnc(O)c1', 'O=C(CCl)N1CCOCC1')]","['Amidation', 'Williamson_ether_synthesis']",2,x0884-x0739-merge-3-11,6,A71EV2A-x0884_A_147_A71EV2A-x0501+A+152+1 A71EV2A-x0739_A_147_A71EV2A-x0501+A+152+1,BRSYMCNEXAIIKP-UHFFFAOYSA-N,to_hippo
Cc1cc(NC(=O)C2CCCO2)cc(OC2CCN(C)C2=O)c1,"[('Cc1cc(O)cc(N)c1', 'O=C(O)C1CCCO1'), ('Cc1cc(O)cc(NC(=O)C2CCCO2)c1', 'O=C1C(Cl)CCN1C')]","['Amidation', 'Williamson_ether_synthesis']",2,x0528-x0416-merge-1-1,6,A71EV2A-x0528_A_147_A71EV2A-x0501+A+152+1 A71EV2A-x0416_A_147_A71EV2A-x0501+A+152+1,APPQVEGAZDMLRK-UHFFFAOYSA-N,base-check
Cc1cnc(OC2CCN(C)C2=O)cc1NC(=O)C1CCCO1,"[('Cc1cnc(O)cc1N', 'O=C(O)C1CCCO1'), ('Cc1cnc(O)cc1NC(=O)C1CCCO1', 'O=C1C(Cl)CCN1C')]","['Amidation', 'Williamson_ether_synthesis']",2,x0528-x0416-merge-1-2,6,A71EV2A-x0528_A_147_A71EV2A-x0501+A+152+1 A71EV2A-x0416_A_147_A71EV2A-x0501+A+152+1,POCUJFWFNYSLBL-UHFFFAOYSA-N,base-check
Cc1cc(NC(=O)C2CCCO2)cc(OC2CCN(C)C2=O)c1,"[('Cc1cc(O)cc(N)c1', 'O=C(O)C1CCCO1'), ('Cc1cc(O)cc(NC(=O)C2CCCO2)c1', 'O=C1C(Cl)CCN1C')]","['Amidation', 'Williamson_ether_synthesis']",2,x0528-x0416-merge-1-3,6,A71EV2A-x0528_A_147_A71EV2A-x0501+A+152+1 A71EV2A-x0416_A_147_A71EV2A-x0501+A+152+1,APPQVEGAZDMLRK-UHFFFAOYSA-N,base-check
CN1CCC(Oc2cccc(NC(=O)C3CCCO3)c2)C1=O,"[('Nc1cccc(O)c1', 'O=C(O)C1CCCO1'), ('O=C(Nc1cccc(O)c1)C1CCCO1', 'O=C1C(Cl)CCN1C')]","['Amidation', 'Williamson_ether_synthesis']",2,x0528-x0416-merge-1-4,6,A71EV2A-x0528_A_147_A71EV2A-x0501+A+152+1 A71EV2A-x0416_A_147_A71EV2A-x0501+A+152+1,VDXZGYJNKRBGHE-UHFFFAOYSA-N,base-check
Cc1ccc(OC2CCN(C)C2=O)cc1NC(=O)C1CCCO1,"[('Cc1ccc(O)cc1N', 'O=C(O)C1CCCO1'), ('Cc1ccc(O)cc1NC(=O)C1CCCO1', 'O=C1C(Cl)CCN1C')]","['Amidation', 'Williamson_ether_synthesis']",2,x0528-x0416-merge-1-5,6,A71EV2A-x0528_A_147_A71EV2A-x0501+A+152+1 A71EV2A-x0416_A_147_A71EV2A-x0501+A+152+1,GVPFTUOBLWBNJI-UHFFFAOYSA-N,base-check
Cc1ccc(OC2CCN(C)C2=O)cc1NC(=O)C1CCCO1,"[('Cc1ccc(O)cc1N', 'O=C(O)C1CCCO1'), ('Cc1ccc(O)cc1NC(=O)C1CCCO1', 'O=C1C(Cl)CCN1C')]","['Amidation', 'Williamson_ether_synthesis']",2,x0528-x0416-merge-1-6,7,A71EV2A-x0528_A_147_A71EV2A-x0501+A+152+1 A71EV2A-x0416_A_147_A71EV2A-x0501+A+152+1,GVPFTUOBLWBNJI-UHFFFAOYSA-N,to_hippo
CN1CCC(Oc2ccc(F)c(NC(=O)C3CCCO3)c2)C1=O,"[('Fc1ccc(O)cc1N', 'O=C(O)C1CCCO1'), ('O=C(Nc1cc(O)ccc1F)C1CCCO1', 'O=C1C(Cl)CCN1C')]","['Amidation', 'Williamson_ether_synthesis']",2,x0528-x0416-merge-1-7,7,A71EV2A-x0528_A_147_A71EV2A-x0501+A+152+1 A71EV2A-x0416_A_147_A71EV2A-x0501+A+152+1,FBNVFPGRCAQPCT-UHFFFAOYSA-N,to_hippo
Cc1ccc(NC(=O)C2CCCO2)cc1OC1CCN(C)C1=O,"[('Nc1cc(O)c(C)cc1', 'O=C(O)C1CCCO1'), ('Cc1ccc(NC(=O)C2CCCO2)cc1O', 'O=C1C(Cl)CCN1C')]","['Amidation', 'Williamson_ether_synthesis']",2,x0528-x0416-merge-1-8,7,A71EV2A-x0528_A_147_A71EV2A-x0501+A+152+1 A71EV2A-x0416_A_147_A71EV2A-x0501+A+152+1,ZTDJEGPURPWKAK-UHFFFAOYSA-N,to_hippo
Cc1cc(C)c(OC2CCN(C)C2=O)cc1NC(=O)C1CCCO1,"[('Nc1cc(O)c(C)cc1C', 'O=C(O)C1CCCO1'), ('Cc1cc(C)c(NC(=O)C2CCCO2)cc1O', 'O=C1C(Cl)CCN1C')]","['Amidation', 'Williamson_ether_synthesis']",2,x0528-x0416-merge-1-9,7,A71EV2A-x0528_A_147_A71EV2A-x0501+A+152+1 A71EV2A-x0416_A_147_A71EV2A-x0501+A+152+1,WBDILGJJGDRLFR-UHFFFAOYSA-N,to_hippo
CN1CCC(Oc2cncc(NC(=O)C3CCCO3)c2)C1=O,"[('Nc1cncc(O)c1', 'O=C(O)C1CCCO1'), ('O=C(Nc1cncc(O)c1)C1CCCO1', 'O=C1C(Cl)CCN1C')]","['Amidation', 'Williamson_ether_synthesis']",2,x0528-x0416-merge-1-10,7,A71EV2A-x0528_A_147_A71EV2A-x0501+A+152+1 A71EV2A-x0416_A_147_A71EV2A-x0501+A+152+1,VPAXKPTVSGUXQZ-UHFFFAOYSA-N,to_hippo
CN1CCC(Oc2cc(NC(=O)C3CCCO3)ccn2)C1=O,"[('Nc1ccnc(O)c1', 'O=C(O)C1CCCO1'), ('O=C(Nc1ccnc(O)c1)C1CCCO1', 'O=C1C(Cl)CCN1C')]","['Amidation', 'Williamson_ether_synthesis']",2,x0528-x0416-merge-1-11,7,A71EV2A-x0528_A_147_A71EV2A-x0501+A+152+1 A71EV2A-x0416_A_147_A71EV2A-x0501+A+152+1,USHDETYWPCTHEK-UHFFFAOYSA-N,to_hippo
Cc1cnc(NC(=O)COC2CCN(C)C2=O)c(O)c1,"[('Cc1cnc(N)c(O)c1', 'C(O)(=O)CO[Si](C(C)(C)C)(C)C'), 'Cc1cnc(NC(=O)CO[Si](C)(C)C(C)(C)C)c(O)c1', ('Cc1cnc(NC(=O)CO)c(O)c1', 'O=C1C(Cl)CCN1C')]","['Amidation', 'TBS_alcohol_deprotection', 'Williamson_ether_synthesis']",3,x0528-x0732-merge-1-1,7,A71EV2A-x0528_A_147_A71EV2A-x0501+A+152+1 A71EV2A-x0732_A_201_A71EV2A-x0501+A+152+1,ZTGLLUSSACMYNE-UHFFFAOYSA-N,to_hippo
CN1CCC(OCC(=O)Nc2ccccc2O)C1=O,"[('Nc1ccccc1O', 'C(O)(=O)CO[Si](C(C)(C)C)(C)C'), 'CC(C)(C)[Si](C)(C)OCC(=O)Nc1ccccc1O', ('O=C(CO)Nc1ccccc1O', 'O=C1C(Cl)CCN1C')]","['Amidation', 'TBS_alcohol_deprotection', 'Williamson_ether_synthesis']",3,x0528-x0732-merge-1-2,7,A71EV2A-x0528_A_147_A71EV2A-x0501+A+152+1 A71EV2A-x0732_A_201_A71EV2A-x0501+A+152+1,IBAWXSDLDZZNGA-UHFFFAOYSA-N,to_hippo
Cc1ccc(NC(=O)COC2CCN(C)C2=O)c(O)c1,"[('Cc1cc(O)c(N)cc1', 'C(O)(=O)CO[Si](C(C)(C)C)(C)C'), 'Cc1ccc(NC(=O)CO[Si](C)(C)C(C)(C)C)c(O)c1', ('Cc1ccc(NC(=O)CO)c(O)c1', 'O=C1C(Cl)CCN1C')]","['Amidation', 'TBS_alcohol_deprotection', 'Williamson_ether_synthesis']",3,x0528-x0732-merge-1-3,7,A71EV2A-x0528_A_147_A71EV2A-x0501+A+152+1 A71EV2A-x0732_A_201_A71EV2A-x0501+A+152+1,VZBKQIINGNEDHL-UHFFFAOYSA-N,to_hippo
CN1CCC(OCC(=O)Nc2ccc(F)cc2O)C1=O,"[('Fc1cc(O)c(N)cc1', 'C(O)(=O)CO[Si](C(C)(C)C)(C)C'), 'CC(C)(C)[Si](C)(C)OCC(=O)Nc1ccc(F)cc1O', ('O=C(CO)Nc1ccc(F)cc1O', 'O=C1C(Cl)CCN1C')]","['Amidation', 'TBS_alcohol_deprotection', 'Williamson_ether_synthesis']",3,x0528-x0732-merge-1-4,7,A71EV2A-x0528_A_147_A71EV2A-x0501+A+152+1 A71EV2A-x0732_A_201_A71EV2A-x0501+A+152+1,RPBOUEMJOBBIDR-UHFFFAOYSA-N,to_hippo
Cc1cccc(OC2CCN(C)C2=O)c1NC(=O)CO,"[('Cc1cccc(O)c1N', 'C(O)(=O)CO[Si](C(C)(C)C)(C)C'), 'Cc1cccc(O)c1NC(=O)CO[Si](C)(C)C(C)(C)C', ('Cc1cccc(O)c1NC(=O)CO', 'O=C1C(Cl)CCN1C')]","['Amidation', 'TBS_alcohol_deprotection', 'Williamson_ether_synthesis']",3,x0528-x0732-merge-1-5,8,A71EV2A-x0528_A_147_A71EV2A-x0501+A+152+1 A71EV2A-x0732_A_201_A71EV2A-x0501+A+152+1,HQEKNZNNUTZLAE-UHFFFAOYSA-N,to_hippo
Cc1cc(C)c(NC(=O)COC2CCN(C)C2=O)c(O)c1,"[('Cc1cc(O)c(N)c(C)c1', 'C(O)(=O)CO[Si](C(C)(C)C)(C)C'), 'Cc1cc(C)c(NC(=O)CO[Si](C)(C)C(C)(C)C)c(O)c1', ('Cc1cc(C)c(NC(=O)CO)c(O)c1', 'O=C1C(Cl)CCN1C')]","['Amidation', 'TBS_alcohol_deprotection', 'Williamson_ether_synthesis']",3,x0528-x0732-merge-1-6,8,A71EV2A-x0528_A_147_A71EV2A-x0501+A+152+1 A71EV2A-x0732_A_201_A71EV2A-x0501+A+152+1,HAAVJKZZGKEDPU-UHFFFAOYSA-N,to_hippo
Cc1nccc(OC2CCN(C)C2=O)c1NC(=O)CO,"[('Oc1ccnc(C)c1N', 'C(O)(=O)CO[Si](C(C)(C)C)(C)C'), 'Cc1nccc(O)c1NC(=O)CO[Si](C)(C)C(C)(C)C', ('Cc1nccc(O)c1NC(=O)CO', 'O=C1C(Cl)CCN1C')]","['Amidation', 'TBS_alcohol_deprotection', 'Williamson_ether_synthesis']",3,x0528-x0732-merge-1-7,8,A71EV2A-x0528_A_147_A71EV2A-x0501+A+152+1 A71EV2A-x0732_A_201_A71EV2A-x0501+A+152+1,DIOBJLAOFINKDH-UHFFFAOYSA-N,base-check
Cc1cc(OC2CCN(C)C2=O)c(NC(=O)CO)c(C)n1,"[('Cc1cc(O)c(N)c(C)n1', 'C(O)(=O)CO[Si](C(C)(C)C)(C)C'), 'Cc1cc(O)c(NC(=O)CO[Si](C)(C)C(C)(C)C)c(C)n1', ('Cc1cc(O)c(NC(=O)CO)c(C)n1', 'O=C1C(Cl)CCN1C')]","['Amidation', 'TBS_alcohol_deprotection', 'Williamson_ether_synthesis']",3,x0528-x0732-merge-1-8,8,A71EV2A-x0528_A_147_A71EV2A-x0501+A+152+1 A71EV2A-x0732_A_201_A71EV2A-x0501+A+152+1,AKSURHUAGQQWHX-UHFFFAOYSA-N,to_hippo
Cc1cnc(NC(=O)CS)c(OC2CCN(C)C2=O)c1,"[('Cc1cnc(N)c(O)c1', 'O=C(O)CS'), ('Cc1cnc(NC(=O)CS)c(O)c1', 'O=C1C(Cl)CCN1C')]","['Amidation', 'Williamson_ether_synthesis']",2,x0528-x0732-merge-2-1,8,A71EV2A-x0528_A_147_A71EV2A-x0501+A+152+1 A71EV2A-x0732_A_201_A71EV2A-x0501+A+152+1,NRZOHTQVIPNMMH-UHFFFAOYSA-N,to_hippo
CN1CCC(Oc2ccccc2NC(=O)CS)C1=O,"[('Nc1ccccc1O', 'O=C(O)CS'), ('O=C(CS)Nc1ccccc1O', 'O=C1C(Cl)CCN1C')]","['Amidation', 'Williamson_ether_synthesis']",2,x0528-x0732-merge-2-2,8,A71EV2A-x0528_A_147_A71EV2A-x0501+A+152+1 A71EV2A-x0732_A_201_A71EV2A-x0501+A+152+1,JLIYQPMHTHRGDP-UHFFFAOYSA-N,to_hippo
Cc1ccc(NC(=O)CS)c(OC2CCN(C)C2=O)c1,"[('Cc1cc(O)c(N)cc1', 'O=C(O)CS'), ('Cc1ccc(NC(=O)CS)c(O)c1', 'O=C1C(Cl)CCN1C')]","['Amidation', 'Williamson_ether_synthesis']",2,x0528-x0732-merge-2-3,8,A71EV2A-x0528_A_147_A71EV2A-x0501+A+152+1 A71EV2A-x0732_A_201_A71EV2A-x0501+A+152+1,ULVMDPPZVMVKBL-UHFFFAOYSA-N,to_hippo
CN1CCC(Oc2cc(F)ccc2NC(=O)CS)C1=O,"[('Fc1cc(O)c(N)cc1', 'O=C(O)CS'), ('O=C(CS)Nc1ccc(F)cc1O', 'O=C1C(Cl)CCN1C')]","['Amidation', 'Williamson_ether_synthesis']",2,x0528-x0732-merge-2-4,8,A71EV2A-x0528_A_147_A71EV2A-x0501+A+152+1 A71EV2A-x0732_A_201_A71EV2A-x0501+A+152+1,ABTCVWCGYSSOGV-UHFFFAOYSA-N,to_hippo
Cc1cccc(OC2CCN(C)C2=O)c1NC(=O)CS,"[('Cc1cccc(O)c1N', 'O=C(O)CS'), ('Cc1cccc(O)c1NC(=O)CS', 'O=C1C(Cl)CCN1C')]","['Amidation', 'Williamson_ether_synthesis']",2,x0528-x0732-merge-2-5,8,A71EV2A-x0528_A_147_A71EV2A-x0501+A+152+1 A71EV2A-x0732_A_201_A71EV2A-x0501+A+152+1,PJFFRQDHURSHGM-UHFFFAOYSA-N,to_hippo
Cc1cc(C)c(NC(=O)CS)c(OC2CCN(C)C2=O)c1,"[('Cc1cc(O)c(N)c(C)c1', 'O=C(O)CS'), ('Cc1cc(C)c(NC(=O)CS)c(O)c1', 'O=C1C(Cl)CCN1C')]","['Amidation', 'Williamson_ether_synthesis']",2,x0528-x0732-merge-2-6,8,A71EV2A-x0528_A_147_A71EV2A-x0501+A+152+1 A71EV2A-x0732_A_201_A71EV2A-x0501+A+152+1,VUFZUHMIPLXWGK-UHFFFAOYSA-N,to_hippo
Cc1nccc(OC2CCN(C)C2=O)c1NC(=O)CS,"[('Oc1ccnc(C)c1N', 'O=C(O)CS'), ('Cc1nccc(O)c1NC(=O)CS', 'O=C1C(Cl)CCN1C')]","['Amidation', 'Williamson_ether_synthesis']",2,x0528-x0732-merge-2-7,9,A71EV2A-x0528_A_147_A71EV2A-x0501+A+152+1 A71EV2A-x0732_A_201_A71EV2A-x0501+A+152+1,XJAJXIHQJRGKMJ-UHFFFAOYSA-N,base-check
Cc1cc(OC2CCN(C)C2=O)c(NC(=O)CS)c(C)n1,"[('Cc1cc(O)c(N)c(C)n1', 'O=C(O)CS'), ('Cc1cc(O)c(NC(=O)CS)c(C)n1', 'O=C1C(Cl)CCN1C')]","['Amidation', 'Williamson_ether_synthesis']",2,x0528-x0732-merge-2-8,9,A71EV2A-x0528_A_147_A71EV2A-x0501+A+152+1 A71EV2A-x0732_A_201_A71EV2A-x0501+A+152+1,XYKYGBPLRZPZMB-UHFFFAOYSA-N,to_hippo
CC(=O)Nc1cccc(O)c1NC(=O)CS,"[('Oc1cccc(N)c1NC(=O)OC(C)(C)C', 'CC(=O)O'), 'CC(=O)Nc1cccc(O)c1NC(=O)OC(C)(C)C', ('CC(=O)Nc1cccc(O)c1N', 'O=C(O)CS')]","['Amidation', 'N-Boc_deprotection', 'Amidation']",3,x0884-x0732-x0922-merge-2-1,9,A71EV2A-x0884_A_147_A71EV2A-x0501+A+152+1 A71EV2A-x0732_A_201_A71EV2A-x0501+A+152+1,FHQLHGVEQIMYTG-UHFFFAOYSA-N,to_hippo
Cc1cc(NC(=O)CO)cc(OCC(=O)N(C)C)c1,"[('Cc1cc(O)cc(N)c1', 'C(O)(=O)CO[Si](C(C)(C)C)(C)C'), 'Cc1cc(O)cc(NC(=O)CO[Si](C)(C)C(C)(C)C)c1', ('Cc1cc(O)cc(NC(=O)CO)c1', 'CN(C)C(=O)CCl')]","['Amidation', 'TBS_alcohol_deprotection', 'Williamson_ether_synthesis']",3,x0922-x0732-merge-1-1,9,A71EV2A-x0922_A_147_A71EV2A-x0501+A+152+1 A71EV2A-x0732_A_201_A71EV2A-x0501+A+152+1,JHZMHCCPHXTVDH-UHFFFAOYSA-N,none
Cc1cnc(OCC(=O)N(C)C)cc1NC(=O)CO,"[('Cc1cnc(O)cc1N', 'C(O)(=O)CO[Si](C(C)(C)C)(C)C'), 'Cc1cnc(O)cc1NC(=O)CO[Si](C)(C)C(C)(C)C', ('Cc1cnc(O)cc1NC(=O)CO', 'CN(C)C(=O)CCl')]","['Amidation', 'TBS_alcohol_deprotection', 'Williamson_ether_synthesis']",3,x0922-x0732-merge-1-2,9,A71EV2A-x0922_A_147_A71EV2A-x0501+A+152+1 A71EV2A-x0732_A_201_A71EV2A-x0501+A+152+1,DDPJHXIDNIDGBD-UHFFFAOYSA-N,to_hippo
Cc1cc(NC(=O)CO)cc(OCC(=O)N(C)C)c1,"[('Cc1cc(O)cc(N)c1', 'C(O)(=O)CO[Si](C(C)(C)C)(C)C'), 'Cc1cc(O)cc(NC(=O)CO[Si](C)(C)C(C)(C)C)c1', ('Cc1cc(O)cc(NC(=O)CO)c1', 'CN(C)C(=O)CCl')]","['Amidation', 'TBS_alcohol_deprotection', 'Williamson_ether_synthesis']",3,x0922-x0732-merge-1-3,9,A71EV2A-x0922_A_147_A71EV2A-x0501+A+152+1 A71EV2A-x0732_A_201_A71EV2A-x0501+A+152+1,JHZMHCCPHXTVDH-UHFFFAOYSA-N,to_hippo
CN(C)C(=O)COCC(=O)Nc1cccc(O)c1,"[('Nc1cccc(O)c1', 'C(O)(=O)CO[Si](C(C)(C)C)(C)C'), 'CC(C)(C)[Si](C)(C)OCC(=O)Nc1cccc(O)c1', ('O=C(CO)Nc1cccc(O)c1', 'CN(C)C(=O)CCl')]","['Amidation', 'TBS_alcohol_deprotection', 'Williamson_ether_synthesis']",3,x0922-x0732-merge-1-4,9,A71EV2A-x0922_A_147_A71EV2A-x0501+A+152+1 A71EV2A-x0732_A_201_A71EV2A-x0501+A+152+1,AVXQRKTXSXBNPP-UHFFFAOYSA-N,to_hippo
Cc1ccc(OCC(=O)N(C)C)cc1NC(=O)CO,"[('Cc1ccc(O)cc1N', 'C(O)(=O)CO[Si](C(C)(C)C)(C)C'), 'Cc1ccc(O)cc1NC(=O)CO[Si](C)(C)C(C)(C)C', ('Cc1ccc(O)cc1NC(=O)CO', 'CN(C)C(=O)CCl')]","['Amidation', 'TBS_alcohol_deprotection', 'Williamson_ether_synthesis']",3,x0922-x0732-merge-1-5,9,A71EV2A-x0922_A_147_A71EV2A-x0501+A+152+1 A71EV2A-x0732_A_201_A71EV2A-x0501+A+152+1,CDTYWNHOSQYEGO-UHFFFAOYSA-N,none
Cc1ccc(OCC(=O)N(C)C)cc1NC(=O)CO,"[('Cc1ccc(O)cc1N', 'C(O)(=O)CO[Si](C(C)(C)C)(C)C'), 'Cc1ccc(O)cc1NC(=O)CO[Si](C)(C)C(C)(C)C', ('Cc1ccc(O)cc1NC(=O)CO', 'CN(C)C(=O)CCl')]","['Amidation', 'TBS_alcohol_deprotection', 'Williamson_ether_synthesis']",3,x0922-x0732-merge-1-6,9,A71EV2A-x0922_A_147_A71EV2A-x0501+A+152+1 A71EV2A-x0732_A_201_A71EV2A-x0501+A+152+1,CDTYWNHOSQYEGO-UHFFFAOYSA-N,to_hippo
CN(C)C(=O)COCC(=O)Nc1cc(O)ccc1F,"[('Fc1ccc(O)cc1N', 'C(O)(=O)CO[Si](C(C)(C)C)(C)C'), 'CC(C)(C)[Si](C)(C)OCC(=O)Nc1cc(O)ccc1F', ('O=C(CO)Nc1cc(O)ccc1F', 'CN(C)C(=O)CCl')]","['Amidation', 'TBS_alcohol_deprotection', 'Williamson_ether_synthesis']",3,x0922-x0732-merge-1-7,9,A71EV2A-x0922_A_147_A71EV2A-x0501+A+152+1 A71EV2A-x0732_A_201_A71EV2A-x0501+A+152+1,BTQQVRBHNACNKU-UHFFFAOYSA-N,extra
Cc1ccc(NC(=O)COCC(=O)N(C)C)cc1O,"[('Nc1cc(O)c(C)cc1', 'C(O)(=O)CO[Si](C(C)(C)C)(C)C'), 'Cc1ccc(NC(=O)CO[Si](C)(C)C(C)(C)C)cc1O', ('Cc1ccc(NC(=O)CO)cc1O', 'CN(C)C(=O)CCl')]","['Amidation', 'TBS_alcohol_deprotection', 'Williamson_ether_synthesis']",3,x0922-x0732-merge-1-8,10,A71EV2A-x0922_A_147_A71EV2A-x0501+A+152+1 A71EV2A-x0732_A_201_A71EV2A-x0501+A+152+1,JSUPXYZROWADPA-UHFFFAOYSA-N,to_hippo
Cc1cc(C)c(NC(=O)COCC(=O)N(C)C)cc1O,"[('Nc1cc(O)c(C)cc1C', 'C(O)(=O)CO[Si](C(C)(C)C)(C)C'), 'Cc1cc(C)c(NC(=O)CO[Si](C)(C)C(C)(C)C)cc1O', ('Cc1cc(C)c(NC(=O)CO)cc1O', 'CN(C)C(=O)CCl')]","['Amidation', 'TBS_alcohol_deprotection', 'Williamson_ether_synthesis']",3,x0922-x0732-merge-1-9,10,A71EV2A-x0922_A_147_A71EV2A-x0501+A+152+1 A71EV2A-x0732_A_201_A71EV2A-x0501+A+152+1,YXOSKKANWJIJOY-UHFFFAOYSA-N,to_hippo
CN(C)C(=O)COCC(=O)Nc1cncc(O)c1,"[('Nc1cncc(O)c1', 'C(O)(=O)CO[Si](C(C)(C)C)(C)C'), 'CC(C)(C)[Si](C)(C)OCC(=O)Nc1cncc(O)c1', ('O=C(CO)Nc1cncc(O)c1', 'CN(C)C(=O)CCl')]","['Amidation', 'TBS_alcohol_deprotection', 'Williamson_ether_synthesis']",3,x0922-x0732-merge-1-10,10,A71EV2A-x0922_A_147_A71EV2A-x0501+A+152+1 A71EV2A-x0732_A_201_A71EV2A-x0501+A+152+1,ZSOZJLJKIBSDKD-UHFFFAOYSA-N,base-check
CN(C)C(=O)COCC(=O)Nc1ccnc(O)c1,"[('Nc1ccnc(O)c1', 'C(O)(=O)CO[Si](C(C)(C)C)(C)C'), 'CC(C)(C)[Si](C)(C)OCC(=O)Nc1ccnc(O)c1', ('O=C(CO)Nc1ccnc(O)c1', 'CN(C)C(=O)CCl')]","['Amidation', 'TBS_alcohol_deprotection', 'Williamson_ether_synthesis']",3,x0922-x0732-merge-1-11,10,A71EV2A-x0922_A_147_A71EV2A-x0501+A+152+1 A71EV2A-x0732_A_201_A71EV2A-x0501+A+152+1,KSFNSNPCFGKGTN-UHFFFAOYSA-N,base-check
Cc1cc(NC(=O)CS)cc(OCC(=O)N(C)C)c1,"[('Cc1cc(O)cc(N)c1', 'O=C(O)CS'), ('Cc1cc(O)cc(NC(=O)CS)c1', 'CN(C)C(=O)CCl')]","['Amidation', 'Williamson_ether_synthesis']",2,x0922-x0732-merge-2-1,10,A71EV2A-x0922_A_147_A71EV2A-x0501+A+152+1 A71EV2A-x0732_A_201_A71EV2A-x0501+A+152+1,LXCOIZPPHPZJLW-UHFFFAOYSA-N,none
Cc1cnc(OCC(=O)N(C)C)cc1NC(=O)CS,"[('Cc1cnc(O)cc1N', 'O=C(O)CS'), ('Cc1cnc(O)cc1NC(=O)CS', 'CN(C)C(=O)CCl')]","['Amidation', 'Williamson_ether_synthesis']",2,x0922-x0732-merge-2-2,10,A71EV2A-x0922_A_147_A71EV2A-x0501+A+152+1 A71EV2A-x0732_A_201_A71EV2A-x0501+A+152+1,CUHAEOJAXNJLLL-UHFFFAOYSA-N,base-check
Cc1cc(NC(=O)CS)cc(OCC(=O)N(C)C)c1,"[('Cc1cc(O)cc(N)c1', 'O=C(O)CS'), ('Cc1cc(O)cc(NC(=O)CS)c1', 'CN(C)C(=O)CCl')]","['Amidation', 'Williamson_ether_synthesis']",2,x0922-x0732-merge-2-3,10,A71EV2A-x0922_A_147_A71EV2A-x0501+A+152+1 A71EV2A-x0732_A_201_A71EV2A-x0501+A+152+1,LXCOIZPPHPZJLW-UHFFFAOYSA-N,to_hippo
CN(C)C(=O)COc1cccc(NC(=O)CS)c1,"[('Nc1cccc(O)c1', 'O=C(O)CS'), ('O=C(CS)Nc1cccc(O)c1', 'CN(C)C(=O)CCl')]","['Amidation', 'Williamson_ether_synthesis']",2,x0922-x0732-merge-2-4,10,A71EV2A-x0922_A_147_A71EV2A-x0501+A+152+1 A71EV2A-x0732_A_201_A71EV2A-x0501+A+152+1,LCSKLVVSOFHOOO-UHFFFAOYSA-N,to_hippo
Cc1ccc(OCC(=O)N(C)C)cc1NC(=O)CS,"[('Cc1ccc(O)cc1N', 'O=C(O)CS'), ('Cc1ccc(O)cc1NC(=O)CS', 'CN(C)C(=O)CCl')]","['Amidation', 'Williamson_ether_synthesis']",2,x0922-x0732-merge-2-5,10,A71EV2A-x0922_A_147_A71EV2A-x0501+A+152+1 A71EV2A-x0732_A_201_A71EV2A-x0501+A+152+1,YMFXTZASBGMLKF-UHFFFAOYSA-N,none
Cc1ccc(OCC(=O)N(C)C)cc1NC(=O)CS,"[('Cc1ccc(O)cc1N', 'O=C(O)CS'), ('Cc1ccc(O)cc1NC(=O)CS', 'CN(C)C(=O)CCl')]","['Amidation', 'Williamson_ether_synthesis']",2,x0922-x0732-merge-2-6,10,A71EV2A-x0922_A_147_A71EV2A-x0501+A+152+1 A71EV2A-x0732_A_201_A71EV2A-x0501+A+152+1,YMFXTZASBGMLKF-UHFFFAOYSA-N,to_hippo
CN(C)C(=O)COc1ccc(F)c(NC(=O)CS)c1,"[('Fc1ccc(O)cc1N', 'O=C(O)CS'), ('O=C(CS)Nc1cc(O)ccc1F', 'CN(C)C(=O)CCl')]","['Amidation', 'Williamson_ether_synthesis']",2,x0922-x0732-merge-2-7,11,A71EV2A-x0922_A_147_A71EV2A-x0501+A+152+1 A71EV2A-x0732_A_201_A71EV2A-x0501+A+152+1,BAOZEGOGVWZOIX-UHFFFAOYSA-N,to_hippo
Cc1ccc(NC(=O)CS)cc1OCC(=O)N(C)C,"[('Nc1cc(O)c(C)cc1', 'O=C(O)CS'), ('Cc1ccc(NC(=O)CS)cc1O', 'CN(C)C(=O)CCl')]","['Amidation', 'Williamson_ether_synthesis']",2,x0922-x0732-merge-2-8,11,A71EV2A-x0922_A_147_A71EV2A-x0501+A+152+1 A71EV2A-x0732_A_201_A71EV2A-x0501+A+152+1,NXZSZVCYCCPQSP-UHFFFAOYSA-N,to_hippo
Cc1cc(C)c(OCC(=O)N(C)C)cc1NC(=O)CS,"[('Nc1cc(O)c(C)cc1C', 'O=C(O)CS'), ('Cc1cc(C)c(NC(=O)CS)cc1O', 'CN(C)C(=O)CCl')]","['Amidation', 'Williamson_ether_synthesis']",2,x0922-x0732-merge-2-9,11,A71EV2A-x0922_A_147_A71EV2A-x0501+A+152+1 A71EV2A-x0732_A_201_A71EV2A-x0501+A+152+1,RWYKVNCVGBRENI-UHFFFAOYSA-N,to_hippo
CN(C)C(=O)COc1cncc(NC(=O)CS)c1,"[('Nc1cncc(O)c1', 'O=C(O)CS'), ('O=C(CS)Nc1cncc(O)c1', 'CN(C)C(=O)CCl')]","['Amidation', 'Williamson_ether_synthesis']",2,x0922-x0732-merge-2-10,11,A71EV2A-x0922_A_147_A71EV2A-x0501+A+152+1 A71EV2A-x0732_A_201_A71EV2A-x0501+A+152+1,ZFGIZJRJYCRRHS-UHFFFAOYSA-N,to_hippo
CN(C)C(=O)COc1cc(NC(=O)CS)ccn1,"[('Nc1ccnc(O)c1', 'O=C(O)CS'), ('O=C(CS)Nc1ccnc(O)c1', 'CN(C)C(=O)CCl')]","['Amidation', 'Williamson_ether_synthesis']",2,x0922-x0732-merge-2-11,11,A71EV2A-x0922_A_147_A71EV2A-x0501+A+152+1 A71EV2A-x0732_A_201_A71EV2A-x0501+A+152+1,BTUBGYUTZVMOQE-UHFFFAOYSA-N,to_hippo
CN(C)C(=O)COc1cc(OCC(=O)N2CCOCC2)ccc1F,"[('C[Si](C)(Oc1cc(O)ccc1F)C(C)(C)C', 'O=C(CCl)N1CCOCC1'), 'CC(C)(C)[Si](C)(C)Oc1cc(OCC(=O)N2CCOCC2)ccc1F', ('O=C(COc1ccc(F)c(O)c1)N1CCOCC1', 'CN(C)C(=O)CCl')]","['Williamson_ether_synthesis', 'TBS_alcohol_deprotection', 'Williamson_ether_synthesis']",3,x0922-x0739-merge-2-1,11,A71EV2A-x0922_A_147_A71EV2A-x0501+A+152+1 A71EV2A-x0739_A_147_A71EV2A-x0501+A+152+1,CYSUOTMKUDBMFZ-UHFFFAOYSA-N,to_hippo
CN(C)C(=O)COc1cccc(OCC(=O)N2CCOCC2)c1,"[('CC(C)(C)[Si](C)(C)Oc1cccc(O)c1', 'O=C(CCl)N1CCOCC1'), 'CC(C)(C)[Si](C)(C)Oc1cccc(OCC(=O)N2CCOCC2)c1', ('O=C(COc1cccc(O)c1)N1CCOCC1', 'CN(C)C(=O)CCl')]","['Williamson_ether_synthesis', 'TBS_alcohol_deprotection', 'Williamson_ether_synthesis']",3,x0922-x0739-merge-2-2,11,A71EV2A-x0922_A_147_A71EV2A-x0501+A+152+1 A71EV2A-x0739_A_147_A71EV2A-x0501+A+152+1,LTURCBNOKGSFTI-UHFFFAOYSA-N,to_hippo
Cc1cc(OCC(=O)N(C)C)cc(OCC(=O)N2CCOCC2)c1,"[('Cc1cc(OCc2ccccc2)cc(O)c1', 'O=C(CCl)N1CCOCC1'), 'Cc1cc(OCC(=O)N2CCOCC2)cc(OCc2ccccc2)c1', ('Cc1cc(O)cc(OCC(=O)N2CCOCC2)c1', 'CN(C)C(=O)CCl')]","['Williamson_ether_synthesis', 'Benzyl_alcohol_deprotection', 'Williamson_ether_synthesis']",3,x0922-x0739-merge-2-3,11,A71EV2A-x0922_A_147_A71EV2A-x0501+A+152+1 A71EV2A-x0739_A_147_A71EV2A-x0501+A+152+1,WFKUTQSRODQJFO-UHFFFAOYSA-N,output
CN(C)C(=O)COc1ccnc(OCC(=O)N2CCOCC2)c1,"[('Oc1cc(OCc2ccccc2)ccn1', 'O=C(CCl)N1CCOCC1'), 'O=C(COc1cc(OCc2ccccc2)ccn1)N1CCOCC1', ('O=C(COc1cc(O)ccn1)N1CCOCC1', 'CN(C)C(=O)CCl')]","['Williamson_ether_synthesis', 'Benzyl_alcohol_deprotection', 'Williamson_ether_synthesis']",3,x0922-x0739-merge-2-4,11,A71EV2A-x0922_A_147_A71EV2A-x0501+A+152+1 A71EV2A-x0739_A_147_A71EV2A-x0501+A+152+1,MFVVKWWGPFFRCH-UHFFFAOYSA-N,to_hippo
Cc1ccc(OCC(=O)N(C)C)cc1OCC(=O)N1CCOCC1,"[('Cc1ccc(OCc2ccccc2)cc1O', 'O=C(CCl)N1CCOCC1'), 'Cc1ccc(OCc2ccccc2)cc1OCC(=O)N1CCOCC1', ('Cc1ccc(O)cc1OCC(=O)N1CCOCC1', 'CN(C)C(=O)CCl')]","['Williamson_ether_synthesis', 'Benzyl_alcohol_deprotection', 'Williamson_ether_synthesis']",3,x0922-x0739-merge-2-5,11,A71EV2A-x0922_A_147_A71EV2A-x0501+A+152+1 A71EV2A-x0739_A_147_A71EV2A-x0501+A+152+1,HWHRLRWYYRBVIM-UHFFFAOYSA-N,output
Cc1ccc(OCC(=O)N2CCOCC2)cc1OCC(=O)N(C)C,"[('Oc1cc(OCc2ccccc2)c(C)cc1', 'O=C(CCl)N1CCOCC1'), 'Cc1ccc(OCC(=O)N2CCOCC2)cc1OCc1ccccc1', ('Cc1ccc(OCC(=O)N2CCOCC2)cc1O', 'CN(C)C(=O)CCl')]","['Williamson_ether_synthesis', 'Benzyl_alcohol_deprotection', 'Williamson_ether_synthesis']",3,x0922-x0739-merge-2-6,12,A71EV2A-x0922_A_147_A71EV2A-x0501+A+152+1 A71EV2A-x0739_A_147_A71EV2A-x0501+A+152+1,ALCJNIPCFITZHL-UHFFFAOYSA-N,output
CN(C)C(=O)COc1cncc(OCC(=O)N2CCOCC2)c1,"[('Oc1cncc(OCc2ccccc2)c1', 'O=C(CCl)N1CCOCC1'), 'O=C(COc1cncc(OCc2ccccc2)c1)N1CCOCC1', ('O=C(COc1cncc(O)c1)N1CCOCC1', 'CN(C)C(=O)CCl')]","['Williamson_ether_synthesis', 'Benzyl_alcohol_deprotection', 'Williamson_ether_synthesis']",3,x0922-x0739-merge-2-7,12,A71EV2A-x0922_A_147_A71EV2A-x0501+A+152+1 A71EV2A-x0739_A_147_A71EV2A-x0501+A+152+1,VQRSSBXPBMCVSS-UHFFFAOYSA-N,to_hippo
Cc1cc(NC(=O)C2CCCO2)cc(OCC(=O)N(C)C)c1,"[('Cc1cc(O)cc(N)c1', 'O=C(O)C1CCCO1'), ('Cc1cc(O)cc(NC(=O)C2CCCO2)c1', 'CN(C)C(=O)CCl')]","['Amidation', 'Williamson_ether_synthesis']",2,x0922-x0416-merge-1-1,12,A71EV2A-x0922_A_147_A71EV2A-x0501+A+152+1 A71EV2A-x0416_A_147_A71EV2A-x0501+A+152+1,PQHLNDLJASDWNV-UHFFFAOYSA-N,to_hippo
Cc1cnc(OCC(=O)N(C)C)cc1NC(=O)C1CCCO1,"[('Cc1cnc(O)cc1N', 'O=C(O)C1CCCO1'), ('Cc1cnc(O)cc1NC(=O)C1CCCO1', 'CN(C)C(=O)CCl')]","['Amidation', 'Williamson_ether_synthesis']",2,x0922-x0416-merge-1-2,12,A71EV2A-x0922_A_147_A71EV2A-x0501+A+152+1 A71EV2A-x0416_A_147_A71EV2A-x0501+A+152+1,TUOVBPCFRQFYGO-UHFFFAOYSA-N,extra
Cc1cc(NC(=O)C2CCCO2)cc(OCC(=O)N(C)C)c1,"[('Cc1cc(O)cc(N)c1', 'O=C(O)C1CCCO1'), ('Cc1cc(O)cc(NC(=O)C2CCCO2)c1', 'CN(C)C(=O)CCl')]","['Amidation', 'Williamson_ether_synthesis']",2,x0922-x0416-merge-1-3,12,A71EV2A-x0922_A_147_A71EV2A-x0501+A+152+1 A71EV2A-x0416_A_147_A71EV2A-x0501+A+152+1,PQHLNDLJASDWNV-UHFFFAOYSA-N,to_hippo
CN(C)C(=O)COc1cccc(NC(=O)C2CCCO2)c1,"[('Nc1cccc(O)c1', 'O=C(O)C1CCCO1'), ('O=C(Nc1cccc(O)c1)C1CCCO1', 'CN(C)C(=O)CCl')]","['Amidation', 'Williamson_ether_synthesis']",2,x0922-x0416-merge-1-4,12,A71EV2A-x0922_A_147_A71EV2A-x0501+A+152+1 A71EV2A-x0416_A_147_A71EV2A-x0501+A+152+1,LMYUQMVBTHTOSP-UHFFFAOYSA-N,to_hippo
Cc1ccc(OCC(=O)N(C)C)cc1NC(=O)C1CCCO1,"[('Cc1ccc(O)cc1N', 'O=C(O)C1CCCO1'), ('Cc1ccc(O)cc1NC(=O)C1CCCO1', 'CN(C)C(=O)CCl')]","['Amidation', 'Williamson_ether_synthesis']",2,x0922-x0416-merge-1-5,12,A71EV2A-x0922_A_147_A71EV2A-x0501+A+152+1 A71EV2A-x0416_A_147_A71EV2A-x0501+A+152+1,PJIKIJXNWWFHAS-UHFFFAOYSA-N,none
Cc1ccc(OCC(=O)N(C)C)cc1NC(=O)C1CCCO1,"[('Cc1ccc(O)cc1N', 'O=C(O)C1CCCO1'), ('Cc1ccc(O)cc1NC(=O)C1CCCO1', 'CN(C)C(=O)CCl')]","['Amidation', 'Williamson_ether_synthesis']",2,x0922-x0416-merge-1-6,12,A71EV2A-x0922_A_147_A71EV2A-x0501+A+152+1 A71EV2A-x0416_A_147_A71EV2A-x0501+A+152+1,PJIKIJXNWWFHAS-UHFFFAOYSA-N,to_hippo
CN(C)C(=O)COc1ccc(F)c(NC(=O)C2CCCO2)c1,"[('Fc1ccc(O)cc1N', 'O=C(O)C1CCCO1'), ('O=C(Nc1cc(O)ccc1F)C1CCCO1', 'CN(C)C(=O)CCl')]","['Amidation', 'Williamson_ether_synthesis']",2,x0922-x0416-merge-1-7,12,A71EV2A-x0922_A_147_A71EV2A-x0501+A+152+1 A71EV2A-x0416_A_147_A71EV2A-x0501+A+152+1,KTCXBEVEMLTTEF-UHFFFAOYSA-N,to_hippo
Cc1ccc(NC(=O)C2CCCO2)cc1OCC(=O)N(C)C,"[('Nc1cc(O)c(C)cc1', 'O=C(O)C1CCCO1'), ('Cc1ccc(NC(=O)C2CCCO2)cc1O', 'CN(C)C(=O)CCl')]","['Amidation', 'Williamson_ether_synthesis']",2,x0922-x0416-merge-1-8,12,A71EV2A-x0922_A_147_A71EV2A-x0501+A+152+1 A71EV2A-x0416_A_147_A71EV2A-x0501+A+152+1,CGGHTLUHFDFCAS-UHFFFAOYSA-N,to_hippo
Cc1cc(C)c(OCC(=O)N(C)C)cc1NC(=O)C1CCCO1,"[('Nc1cc(O)c(C)cc1C', 'O=C(O)C1CCCO1'), ('Cc1cc(C)c(NC(=O)C2CCCO2)cc1O', 'CN(C)C(=O)CCl')]","['Amidation', 'Williamson_ether_synthesis']",2,x0922-x0416-merge-1-9,13,A71EV2A-x0922_A_147_A71EV2A-x0501+A+152+1 A71EV2A-x0416_A_147_A71EV2A-x0501+A+152+1,SRDGULMUCFCNKM-UHFFFAOYSA-N,to_hippo
CN(C)C(=O)COc1cncc(NC(=O)C2CCCO2)c1,"[('Nc1cncc(O)c1', 'O=C(O)C1CCCO1'), ('O=C(Nc1cncc(O)c1)C1CCCO1', 'CN(C)C(=O)CCl')]","['Amidation', 'Williamson_ether_synthesis']",2,x0922-x0416-merge-1-10,13,A71EV2A-x0922_A_147_A71EV2A-x0501+A+152+1 A71EV2A-x0416_A_147_A71EV2A-x0501+A+152+1,JOQRKFCIIQYZLX-UHFFFAOYSA-N,to_hippo
CN(C)C(=O)COc1cc(NC(=O)C2CCCO2)ccn1,"[('Nc1ccnc(O)c1', 'O=C(O)C1CCCO1'), ('O=C(Nc1ccnc(O)c1)C1CCCO1', 'CN(C)C(=O)CCl')]","['Amidation', 'Williamson_ether_synthesis']",2,x0922-x0416-merge-1-11,13,A71EV2A-x0922_A_147_A71EV2A-x0501+A+152+1 A71EV2A-x0416_A_147_A71EV2A-x0501+A+152+1,PYNBBVRZWAORJG-UHFFFAOYSA-N,base-check
N#CCC(=O)Nc1ccccc1(NC(=O)CO),"[('CC(C)(C)OC(=O)Nc1ccccc1(N)', 'O=C(O)CO'), 'CC(C)(C)OC(=O)Nc1ccccc1(NC(=O)CO)', ('c1cccc(NC(=O)CO)c1(N)', 'N#CCC(=O)O')]","['Amidation', 'N-Boc_deprotection', 'Amidation']",3,x0310-x0732-merge-3-1,13,A71EV2A-x0310_A_147_A71EV2A-x0501+A+152+1 A71EV2A-x0732_A_201_A71EV2A-x0501+A+152+1,LISNPGIFHAQIEO-UHFFFAOYSA-N,to_hippo
Cc1cc(NC(=O)CO)c(NC(=O)CC#N)cc1,"[('CC(C)(C)OC(=O)Nc1ccc(C)cc1(N)', 'O=C(O)CO'), 'CC(C)(C)OC(=O)Nc1ccc(C)cc1(NC(=O)CO)', ('c1cc(C)cc(NC(=O)CO)c1(N)', 'N#CCC(=O)O')]","['Amidation', 'N-Boc_deprotection', 'Amidation']",3,x0310-x0732-merge-3-2,13,A71EV2A-x0310_A_147_A71EV2A-x0501+A+152+1 A71EV2A-x0732_A_201_A71EV2A-x0501+A+152+1,HZNFTESFLXXWPL-UHFFFAOYSA-N,base-check
N#CCC(=O)Nc1ccncc1(NC(=O)CO),"[('CC(C)(C)OC(=O)Nc1ccncc1(N)', 'O=C(O)CO'), 'CC(C)(C)OC(=O)Nc1ccncc1(NC(=O)CO)', ('c1cncc(NC(=O)CO)c1(N)', 'N#CCC(=O)O')]","['Amidation', 'N-Boc_deprotection', 'Amidation']",3,x0310-x0732-merge-3-3,13,A71EV2A-x0310_A_147_A71EV2A-x0501+A+152+1 A71EV2A-x0732_A_201_A71EV2A-x0501+A+152+1,GCAQUNSOGCAEFO-UHFFFAOYSA-N,to_hippo
Cc1cccc(NC(=O)CO)c1NC(=O)CC#N,"[('CC(C)(C)OC(=O)Nc1c(C)cccc1(N)', 'O=C(O)CO'), 'CC(C)(C)OC(=O)Nc1c(C)cccc1(NC(=O)CO)', ('c1(C)cccc(NC(=O)CO)c1(N)', 'N#CCC(=O)O')]","['Amidation', 'N-Boc_deprotection', 'Amidation']",3,x0310-x0732-merge-3-4,13,A71EV2A-x0310_A_147_A71EV2A-x0501+A+152+1 A71EV2A-x0732_A_201_A71EV2A-x0501+A+152+1,XBMUEFOOXYBEDQ-UHFFFAOYSA-N,base-check
N#CCC(=O)Nc1c(NC(=O)CO)cccc1F,"[('CC(C)(C)OC(=O)Nc1c(F)cccc1(N)', 'O=C(O)CO'), 'CC(C)(C)OC(=O)Nc1c(F)cccc1(NC(=O)CO)', ('c1(F)cccc(NC(=O)CO)c1(N)', 'N#CCC(=O)O')]","['Amidation', 'N-Boc_deprotection', 'Amidation']",3,x0310-x0732-merge-3-5,13,A71EV2A-x0310_A_147_A71EV2A-x0501+A+152+1 A71EV2A-x0732_A_201_A71EV2A-x0501+A+152+1,YREOFFMAGZFGRV-UHFFFAOYSA-N,base-check
c1cc(NC(=O)CO)c(NC(=O)CC#N)cc1F,"[('CC(C)(C)OC(=O)Nc1cc(F)ccc1(N)', 'O=C(O)CO'), 'CC(C)(C)OC(=O)Nc1cc(F)ccc1(NC(=O)CO)', ('c1c(F)ccc(NC(=O)CO)c1(N)', 'N#CCC(=O)O')]","['Amidation', 'N-Boc_deprotection', 'Amidation']",3,x0310-x0732-merge-3-6,13,A71EV2A-x0310_A_147_A71EV2A-x0501+A+152+1 A71EV2A-x0732_A_201_A71EV2A-x0501+A+152+1,VXLLSVROUGTXAB-UHFFFAOYSA-N,none
c1cc(NC(=O)CO)c(NC(=O)CC#N)cc1F,"[('CC(C)(C)OC(=O)Nc1cc(C)ccc1(N)', 'O=C(O)CO'), 'CC(C)(C)OC(=O)Nc1cc(C)ccc1(NC(=O)CO)', ('c1c(C)ccc(NC(=O)CO)c1(N)', 'N#CCC(=O)O')]","['Amidation', 'N-Boc_deprotection', 'Amidation']",3,x0310-x0732-merge-3-7,13,A71EV2A-x0310_A_147_A71EV2A-x0501+A+152+1 A71EV2A-x0732_A_201_A71EV2A-x0501+A+152+1,VXLLSVROUGTXAB-UHFFFAOYSA-N,to_hippo