,smiles,reactants,reaction_names,num_steps,hits,compound_set
0,Cn1ncc(NC(=O)CC#N)c1NC(=O)C1CCCO1,"[('Cn1ncc(NC(=O)OC(C)(C)C)c1N', 'O=C(O)C1CCCO1'), 'Cn1ncc(NC(=O)OC(C)(C)C)c1NC(=O)C1CCCO1', ('Cn1ncc(N)c1NC(=O)C1CCCO1', 'N#CCC(=O)O')]","['Amidation', 'N-Boc_deprotection', 'Amidation']",3,"['x0310', 'x0416']",x0310-x0416-merge-1-1
1,N#CCC(=O)Nc1cccc(NC(=O)C2CCCO2)c1,"[('CC(C)(C)OC(=O)Nc1cccc(N)c1', 'O=C(O)C1CCCO1'), 'CC(C)(C)OC(=O)Nc1cccc(NC(=O)C2CCCO2)c1', ('Nc1cccc(NC(=O)C2CCCO2)c1', 'N#CCC(=O)O')]","['Amidation', 'N-Boc_deprotection', 'Amidation']",3,"['x0310', 'x0416']",x0310-x0416-merge-2-1
2,Cc1ccc(NC(=O)CC#N)cc1NC(=O)C1CCCO1,"[('CC(C)(C)OC(=O)Nc1cc(N)c(C)cc1', 'O=C(O)C1CCCO1'), 'Cc1ccc(NC(=O)OC(C)(C)C)cc1NC(=O)C1CCCO1', ('Cc1ccc(N)cc1NC(=O)C1CCCO1', 'N#CCC(=O)O')]","['Amidation', 'N-Boc_deprotection', 'Amidation']",3,"['x0310', 'x0416']",x0310-x0416-merge-2-2
3,N#CCC(=O)Nc1ccnc(NC(=O)C2CCCO2)c1,"[('Nc1cc(NC(=O)OC(C)(C)C)ccn1', 'O=C(O)C1CCCO1'), 'CC(C)(C)OC(=O)Nc1ccnc(NC(=O)C2CCCO2)c1', ('Nc1ccnc(NC(=O)C2CCCO2)c1', 'N#CCC(=O)O')]","['Amidation', 'N-Boc_deprotection', 'Amidation']",3,"['x0310', 'x0416']",x0310-x0416-merge-2-3
4,Cc1ccc(NC(=O)C2CCCO2)cc1NC(=O)CC#N,"[('CC(C)(C)OC(=O)Nc1cc(N)ccc1C', 'O=C(O)C1CCCO1'), 'Cc1ccc(NC(=O)C2CCCO2)cc1NC(=O)OC(C)(C)C', ('Cc1ccc(NC(=O)C2CCCO2)cc1N', 'N#CCC(=O)O')]","['Amidation', 'N-Boc_deprotection', 'Amidation']",3,"['x0310', 'x0416']",x0310-x0416-merge-2-4
5,Cc1ccc(NC(=O)C2CCCO2)cc1NC(=O)CC#N,"[('CC(C)(C)OC(=O)Nc1cc(N)ccc1C', 'O=C(O)C1CCCO1'), 'Cc1ccc(NC(=O)C2CCCO2)cc1NC(=O)OC(C)(C)C', ('Cc1ccc(NC(=O)C2CCCO2)cc1N', 'N#CCC(=O)O')]","['Amidation', 'N-Boc_deprotection', 'Amidation']",3,"['x0310', 'x0416']",x0310-x0416-merge-2-5
6,N#CCC(=O)Nc1cc(NC(=O)C2CCCO2)ccc1F,"[('CC(C)(C)OC(=O)Nc1cc(N)ccc1F', 'O=C(O)C1CCCO1'), 'CC(C)(C)OC(=O)Nc1cc(NC(=O)C2CCCO2)ccc1F', ('Nc1cc(NC(=O)C2CCCO2)ccc1F', 'N#CCC(=O)O')]","['Amidation', 'N-Boc_deprotection', 'Amidation']",3,"['x0310', 'x0416']",x0310-x0416-merge-2-6
7,Cc1cc(NC(=O)CC#N)cc(NC(=O)C2CCCO2)c1,"[('CC(C)(C)OC(=O)Nc1cc(C)cc(N)c1', 'O=C(O)C1CCCO1'), 'Cc1cc(NC(=O)OC(C)(C)C)cc(NC(=O)C2CCCO2)c1', ('Cc1cc(N)cc(NC(=O)C2CCCO2)c1', 'N#CCC(=O)O')]","['Amidation', 'N-Boc_deprotection', 'Amidation']",3,"['x0310', 'x0416']",x0310-x0416-merge-2-7
8,Cc1cc(NC(=O)CC#N)cc(NC(=O)C2CCCO2)c1,"[('CC(C)(C)OC(=O)Nc1cc(N)cc(C)c1', 'O=C(O)C1CCCO1'), 'Cc1cc(NC(=O)OC(C)(C)C)cc(NC(=O)C2CCCO2)c1', ('Cc1cc(N)cc(NC(=O)C2CCCO2)c1', 'N#CCC(=O)O')]","['Amidation', 'N-Boc_deprotection', 'Amidation']",3,"['x0310', 'x0416']",x0310-x0416-merge-2-8
9,Cn1ncc(NC(=O)CC#N)c1NC(=O)CO,"[('Cn1ncc(NC(=O)OC(C)(C)C)c1N', 'O=C(O)CO'), 'Cn1ncc(NC(=O)OC(C)(C)C)c1NC(=O)CO', ('Cn1ncc(N)c1NC(=O)CO', 'N#CCC(=O)O')]","['Amidation', 'N-Boc_deprotection', 'Amidation']",3,"['x0310', 'x0732']",x0310-x0732-merge-1-1
10,N#CCC(=O)Nc1cccc(NC(=O)CO)c1,"[('CC(C)(C)OC(=O)Nc1cccc(N)c1', 'O=C(O)CO'), 'CC(C)(C)OC(=O)Nc1cccc(NC(=O)CO)c1', ('Nc1cccc(NC(=O)CO)c1', 'N#CCC(=O)O')]","['Amidation', 'N-Boc_deprotection', 'Amidation']",3,"['x0310', 'x0732']",x0310-x0732-merge-2-1
11,Cc1ccc(NC(=O)CC#N)cc1NC(=O)CO,"[('CC(C)(C)OC(=O)Nc1cc(N)c(C)cc1', 'O=C(O)CO'), 'Cc1ccc(NC(=O)OC(C)(C)C)cc1NC(=O)CO', ('Cc1ccc(N)cc1NC(=O)CO', 'N#CCC(=O)O')]","['Amidation', 'N-Boc_deprotection', 'Amidation']",3,"['x0310', 'x0732']",x0310-x0732-merge-2-2
12,N#CCC(=O)Nc1ccnc(NC(=O)CO)c1,"[('Nc1cc(NC(=O)OC(C)(C)C)ccn1', 'O=C(O)CO'), 'CC(C)(C)OC(=O)Nc1ccnc(NC(=O)CO)c1', ('Nc1ccnc(NC(=O)CO)c1', 'N#CCC(=O)O')]","['Amidation', 'N-Boc_deprotection', 'Amidation']",3,"['x0310', 'x0732']",x0310-x0732-merge-2-3
13,Cc1ccc(NC(=O)CO)cc1NC(=O)CC#N,"[('CC(C)(C)OC(=O)Nc1cc(N)ccc1C', 'O=C(O)CO'), 'Cc1ccc(NC(=O)CO)cc1NC(=O)OC(C)(C)C', ('Cc1ccc(NC(=O)CO)cc1N', 'N#CCC(=O)O')]","['Amidation', 'N-Boc_deprotection', 'Amidation']",3,"['x0310', 'x0732']",x0310-x0732-merge-2-4
14,Cc1ccc(NC(=O)CO)cc1NC(=O)CC#N,"[('CC(C)(C)OC(=O)Nc1cc(N)ccc1C', 'O=C(O)CO'), 'Cc1ccc(NC(=O)CO)cc1NC(=O)OC(C)(C)C', ('Cc1ccc(NC(=O)CO)cc1N', 'N#CCC(=O)O')]","['Amidation', 'N-Boc_deprotection', 'Amidation']",3,"['x0310', 'x0732']",x0310-x0732-merge-2-5
15,N#CCC(=O)Nc1cc(NC(=O)CO)ccc1F,"[('CC(C)(C)OC(=O)Nc1cc(N)ccc1F', 'O=C(O)CO'), 'CC(C)(C)OC(=O)Nc1cc(NC(=O)CO)ccc1F', ('Nc1cc(NC(=O)CO)ccc1F', 'N#CCC(=O)O')]","['Amidation', 'N-Boc_deprotection', 'Amidation']",3,"['x0310', 'x0732']",x0310-x0732-merge-2-6
16,Cc1cc(NC(=O)CO)cc(NC(=O)CC#N)c1,"[('CC(C)(C)OC(=O)Nc1cc(C)cc(N)c1', 'O=C(O)CO'), 'Cc1cc(NC(=O)CO)cc(NC(=O)OC(C)(C)C)c1', ('Cc1cc(N)cc(NC(=O)CO)c1', 'N#CCC(=O)O')]","['Amidation', 'N-Boc_deprotection', 'Amidation']",3,"['x0310', 'x0732']",x0310-x0732-merge-2-7
17,Cc1cc(NC(=O)CO)cc(NC(=O)CC#N)c1,"[('CC(C)(C)OC(=O)Nc1cc(N)cc(C)c1', 'O=C(O)CO'), 'Cc1cc(NC(=O)CO)cc(NC(=O)OC(C)(C)C)c1', ('Cc1cc(N)cc(NC(=O)CO)c1', 'N#CCC(=O)O')]","['Amidation', 'N-Boc_deprotection', 'Amidation']",3,"['x0310', 'x0732']",x0310-x0732-merge-2-8
18,Cc1cc(NC(=O)CC#N)cc(OCC(=O)N2CCOCC2)c1,"[('Cc1cc(O)cc(N)c1', 'N#CCC(=O)O'), ('Cc1cc(O)cc(NC(=O)CC#N)c1', 'O=C(CCl)N1CCOCC1')]","['Amidation', 'Williamson_ether_synthesis']",2,"['x0310', 'x0739']",x0310-x0739-merge-2-1
19,Cc1cnc(OCC(=O)N2CCOCC2)cc1NC(=O)CC#N,"[('Cc1cnc(O)cc1N', 'N#CCC(=O)O'), ('Cc1cnc(O)cc1NC(=O)CC#N', 'O=C(CCl)N1CCOCC1')]","['Amidation', 'Williamson_ether_synthesis']",2,"['x0310', 'x0739']",x0310-x0739-merge-2-2
20,Cc1cc(NC(=O)CC#N)cc(OCC(=O)N2CCOCC2)c1,"[('Cc1cc(O)cc(N)c1', 'N#CCC(=O)O'), ('Cc1cc(O)cc(NC(=O)CC#N)c1', 'O=C(CCl)N1CCOCC1')]","['Amidation', 'Williamson_ether_synthesis']",2,"['x0310', 'x0739']",x0310-x0739-merge-2-3
21,N#CCC(=O)Nc1cccc(OCC(=O)N2CCOCC2)c1,"[('Nc1cccc(O)c1', 'N#CCC(=O)O'), ('N#CCC(=O)Nc1cccc(O)c1', 'O=C(CCl)N1CCOCC1')]","['Amidation', 'Williamson_ether_synthesis']",2,"['x0310', 'x0739']",x0310-x0739-merge-2-4
22,Cc1ccc(OCC(=O)N2CCOCC2)cc1NC(=O)CC#N,"[('Cc1ccc(O)cc1N', 'N#CCC(=O)O'), ('Cc1ccc(O)cc1NC(=O)CC#N', 'O=C(CCl)N1CCOCC1')]","['Amidation', 'Williamson_ether_synthesis']",2,"['x0310', 'x0739']",x0310-x0739-merge-2-5
23,Cc1ccc(OCC(=O)N2CCOCC2)cc1NC(=O)CC#N,"[('Cc1ccc(O)cc1N', 'N#CCC(=O)O'), ('Cc1ccc(O)cc1NC(=O)CC#N', 'O=C(CCl)N1CCOCC1')]","['Amidation', 'Williamson_ether_synthesis']",2,"['x0310', 'x0739']",x0310-x0739-merge-2-6
24,N#CCC(=O)Nc1cc(OCC(=O)N2CCOCC2)ccc1F,"[('Fc1ccc(O)cc1N', 'N#CCC(=O)O'), ('N#CCC(=O)Nc1cc(O)ccc1F', 'O=C(CCl)N1CCOCC1')]","['Amidation', 'Williamson_ether_synthesis']",2,"['x0310', 'x0739']",x0310-x0739-merge-2-7
25,Cc1ccc(NC(=O)CC#N)cc1OCC(=O)N1CCOCC1,"[('Nc1cc(O)c(C)cc1', 'N#CCC(=O)O'), ('Cc1ccc(NC(=O)CC#N)cc1O', 'O=C(CCl)N1CCOCC1')]","['Amidation', 'Williamson_ether_synthesis']",2,"['x0310', 'x0739']",x0310-x0739-merge-2-8
26,Cc1cc(C)c(OCC(=O)N2CCOCC2)cc1NC(=O)CC#N,"[('Nc1cc(O)c(C)cc1C', 'N#CCC(=O)O'), ('Cc1cc(C)c(NC(=O)CC#N)cc1O', 'O=C(CCl)N1CCOCC1')]","['Amidation', 'Williamson_ether_synthesis']",2,"['x0310', 'x0739']",x0310-x0739-merge-2-9
27,N#CCC(=O)Nc1cncc(OCC(=O)N2CCOCC2)c1,"[('Nc1cncc(O)c1', 'N#CCC(=O)O'), ('N#CCC(=O)Nc1cncc(O)c1', 'O=C(CCl)N1CCOCC1')]","['Amidation', 'Williamson_ether_synthesis']",2,"['x0310', 'x0739']",x0310-x0739-merge-2-10
28,N#CCC(=O)Nc1ccnc(OCC(=O)N2CCOCC2)c1,"[('Nc1ccnc(O)c1', 'N#CCC(=O)O'), ('N#CCC(=O)Nc1ccnc(O)c1', 'O=C(CCl)N1CCOCC1')]","['Amidation', 'Williamson_ether_synthesis']",2,"['x0310', 'x0739']",x0310-x0739-merge-2-11
29,CN(C)C(=O)c1ccc(F)cc1OC1CCN(C)C1=O,"[('O=C(c1ccc(F)cc1Cl)N(C)C', 'O=C1C(O)CCN1C')]",['Nucleophilic_substitution'],1,"['x0528', 'x0450']",x0528-x0450-merge-1-1
30,CN(C)C(=O)c1ccccc1OC1CCN(C)C1=O,"[('CN(C)C(=O)c1ccccc1Cl', 'O=C1C(O)CCN1C')]",['Nucleophilic_substitution'],1,"['x0528', 'x0450']",x0528-x0450-merge-1-2
31,CN1CCC(Oc2ccccc2OCC(=O)N2CCOCC2)C1=O,"[('C[Si](C)(Oc1ccccc1O)C(C)(C)C', 'O=C1C(Cl)CCN1C'), 'CN1CCC(Oc2ccccc2O[Si](C)(C)C(C)(C)C)C1=O', ('CN1CCC(Oc2ccccc2O)C1=O', 'O=C(CCl)N1CCOCC1')]","['Williamson_ether_synthesis', 'TBS_alcohol_deprotection', 'Williamson_ether_synthesis']",3,"['x0528', 'x0739']",x0528-x0739-merge-1-1
32,Cc1cccc(OC2CCN(C)C2=O)c1OCC(=O)N1CCOCC1,"[('Cc1cccc(O)c1OCc1ccccc1', 'O=C1C(Cl)CCN1C'), 'Cc1cccc(OC2CCN(C)C2=O)c1OCc1ccccc1', ('Cc1cccc(OC2CCN(C)C2=O)c1O', 'O=C(CCl)N1CCOCC1')]","['Williamson_ether_synthesis', 'Benzyl_alcohol_deprotection', 'Williamson_ether_synthesis']",3,"['x0528', 'x0739']",x0528-x0739-merge-1-2
33,Cc1cc(C)c(OCC(=O)N2CCOCC2)c(OC2CCN(C)C2=O)c1,"[('Cc1cc(O)c(OCc2ccccc2)c(C)c1', 'O=C1C(Cl)CCN1C'), 'Cc1cc(C)c(OCc2ccccc2)c(OC2CCN(C)C2=O)c1', ('Cc1cc(C)c(O)c(OC2CCN(C)C2=O)c1', 'O=C(CCl)N1CCOCC1')]","['Williamson_ether_synthesis', 'Benzyl_alcohol_deprotection', 'Williamson_ether_synthesis']",3,"['x0528', 'x0739']",x0528-x0739-merge-1-3
34,Cc1ccc(OC2CCN(C)C2=O)c(OCC(=O)N2CCOCC2)c1,"[('Cc1cc(OCc2ccccc2)c(O)cc1', 'O=C1C(Cl)CCN1C'), 'Cc1ccc(OC2CCN(C)C2=O)c(OCc2ccccc2)c1', ('Cc1ccc(OC2CCN(C)C2=O)c(O)c1', 'O=C(CCl)N1CCOCC1')]","['Williamson_ether_synthesis', 'Benzyl_alcohol_deprotection', 'Williamson_ether_synthesis']",3,"['x0528', 'x0739']",x0528-x0739-merge-1-4
35,Cc1cnc(OCC(=O)N2CCOCC2)c(OC2CCN(C)C2=O)c1,"[('Cc1cnc(OCc2ccccc2)c(O)c1', 'O=C1C(Cl)CCN1C'), 'Cc1cnc(OCc2ccccc2)c(OC2CCN(C)C2=O)c1', ('Cc1cnc(O)c(OC2CCN(C)C2=O)c1', 'O=C(CCl)N1CCOCC1')]","['Williamson_ether_synthesis', 'Benzyl_alcohol_deprotection', 'Williamson_ether_synthesis']",3,"['x0528', 'x0739']",x0528-x0739-merge-1-5
36,CC(=O)Nc1cccc(NC(C)=O)c1CNS(C)(=O)=O,"[('Brc1c(N)cccc1NC(=O)OC(C)(C)C', 'CC(=O)O'), 'CC(=O)Nc1cccc(NC(=O)OC(C)(C)C)c1Br', ('CC(=O)Nc1cccc(N)c1Br', 'CC(=O)O'), ('CC(=O)Nc1cccc(NC(C)=O)c1Br', 'CC1(C)OB(CNS(C)(=O)=O)OC1(C)C')]","['Amidation', 'N-Boc_deprotection', 'Amidation', 'Sp3-sp2_Suzuki_coupling']",4,"['x0884', 'x0719']",x0884-x0719-merge-1-1
37,CC(=O)Nc1c(CNS(C)(=O)=O)ccc(OCC(=O)N(C)C)c1Br,"[('Fc1ccc(O)c(Br)c1N', 'CC(=O)O'), ('CC(=O)Nc1c(F)ccc(O)c1Br', 'CN(C)C(=O)CCl'), ('CC(=O)Nc1c(F)ccc(OCC(=O)N(C)C)c1Br', 'CC1(C)OB(CNS(C)(=O)=O)OC1(C)C')]","['Amidation', 'Williamson_ether_synthesis', 'Sp3-sp2_Suzuki_coupling']",3,"['x0884', 'x0719']",x0884-x0719-x0922-merge-2-1
38,CC(=O)Nc1cccc(OCC(=O)N(C)C)c1CNS(C)(=O)=O,"[('Nc1cccc(O)c1Br', 'CC(=O)O'), ('CC(=O)Nc1cccc(O)c1Br', 'CN(C)C(=O)CCl'), ('CC(=O)Nc1cccc(OCC(=O)N(C)C)c1Br', 'CC1(C)OB(CNS(C)(=O)=O)OC1(C)C')]","['Amidation', 'Williamson_ether_synthesis', 'Sp3-sp2_Suzuki_coupling']",3,"['x0884', 'x0719']",x0884-x0719-x0922-merge-2-2
39,CC(=O)Nc1cccc(C)c1NC(=O)CO,"[('CC(C)(C)OC(=O)Nc1c(C)cccc1N', 'CC(=O)O'), 'CC(=O)Nc1cccc(C)c1NC(=O)OC(C)(C)C', ('CC(=O)Nc1cccc(C)c1N', 'O=C(O)CO')]","['Amidation', 'N-Boc_deprotection', 'Amidation']",3,"['x0884', 'x0732']",x0884-x0732-merge-2-1
40,CC(=O)Nc1ccccc1NC(=O)CO,"[('CC(C)(C)OC(=O)Nc1ccccc1N', 'CC(=O)O'), 'CC(=O)Nc1ccccc1NC(=O)OC(C)(C)C', ('CC(=O)Nc1ccccc1N', 'O=C(O)CO')]","['Amidation', 'N-Boc_deprotection', 'Amidation']",3,"['x0884', 'x0732']",x0884-x0732-merge-2-2
41,CC(=O)Nc1cc(C)ccc1NC(=O)CO,"[('CC(C)(C)OC(=O)Nc1ccc(C)cc1N', 'CC(=O)O'), 'CC(=O)Nc1cc(C)ccc1NC(=O)OC(C)(C)C', ('CC(=O)Nc1cc(C)ccc1N', 'O=C(O)CO')]","['Amidation', 'N-Boc_deprotection', 'Amidation']",3,"['x0884', 'x0732']",x0884-x0732-merge-2-3
42,CC(=O)Nc1ccc(C)cc1NC(=O)CO,"[('CC(C)(C)OC(=O)Nc1cc(C)ccc1N', 'CC(=O)O'), 'CC(=O)Nc1ccc(C)cc1NC(=O)OC(C)(C)C', ('CC(=O)Nc1ccc(C)cc1N', 'O=C(O)CO')]","['Amidation', 'N-Boc_deprotection', 'Amidation']",3,"['x0884', 'x0732']",x0884-x0732-merge-2-4
43,CC(=O)Nc1ccc(C)cc1NC(=O)CO,"[('CC(C)(C)OC(=O)Nc1cc(C)ccc1N', 'CC(=O)O'), 'CC(=O)Nc1ccc(C)cc1NC(=O)OC(C)(C)C', ('CC(=O)Nc1ccc(C)cc1N', 'O=C(O)CO')]","['Amidation', 'N-Boc_deprotection', 'Amidation']",3,"['x0884', 'x0732']",x0884-x0732-merge-2-5
44,CC(=O)Nc1cccc(F)c1NC(=O)CO,"[('CC(C)(C)OC(=O)Nc1c(F)cccc1N', 'CC(=O)O'), 'CC(=O)Nc1cccc(F)c1NC(=O)OC(C)(C)C', ('CC(=O)Nc1cccc(F)c1N', 'O=C(O)CO')]","['Amidation', 'N-Boc_deprotection', 'Amidation']",3,"['x0884', 'x0732']",x0884-x0732-merge-2-6
45,CC(=O)Nc1cccc(NC(=O)CO)c1,"[('CC(C)(C)OC(=O)Nc1cccc(N)c1', 'CC(=O)O'), 'CC(=O)Nc1cccc(NC(=O)OC(C)(C)C)c1', ('CC(=O)Nc1cccc(N)c1', 'O=C(O)CO')]","['Amidation', 'N-Boc_deprotection', 'Amidation']",3,"['x0884', 'x0732']",x0884-x0732-merge-3-1
46,CC(=O)Nc1cc(NC(=O)CO)ccc1C,"[('CC(C)(C)OC(=O)Nc1cc(N)c(C)cc1', 'CC(=O)O'), 'CC(=O)Nc1cc(NC(=O)OC(C)(C)C)ccc1C', ('CC(=O)Nc1cc(N)ccc1C', 'O=C(O)CO')]","['Amidation', 'N-Boc_deprotection', 'Amidation']",3,"['x0884', 'x0732']",x0884-x0732-merge-3-2
47,CC(=O)Nc1cc(NC(=O)CO)ccn1,"[('Nc1cc(NC(=O)OC(C)(C)C)ccn1', 'CC(=O)O'), 'CC(=O)Nc1cc(NC(=O)OC(C)(C)C)ccn1', ('CC(=O)Nc1cc(N)ccn1', 'O=C(O)CO')]","['Amidation', 'N-Boc_deprotection', 'Amidation']",3,"['x0884', 'x0732']",x0884-x0732-merge-3-3
48,CC(=O)Nc1ccc(C)c(NC(=O)CO)c1,"[('CC(C)(C)OC(=O)Nc1cc(N)ccc1C', 'CC(=O)O'), 'CC(=O)Nc1ccc(C)c(NC(=O)OC(C)(C)C)c1', ('CC(=O)Nc1ccc(C)c(N)c1', 'O=C(O)CO')]","['Amidation', 'N-Boc_deprotection', 'Amidation']",3,"['x0884', 'x0732']",x0884-x0732-merge-3-4
49,CC(=O)Nc1ccc(C)c(NC(=O)CO)c1,"[('CC(C)(C)OC(=O)Nc1cc(N)ccc1C', 'CC(=O)O'), 'CC(=O)Nc1ccc(C)c(NC(=O)OC(C)(C)C)c1', ('CC(=O)Nc1ccc(C)c(N)c1', 'O=C(O)CO')]","['Amidation', 'N-Boc_deprotection', 'Amidation']",3,"['x0884', 'x0732']",x0884-x0732-merge-3-5
50,CC(=O)Nc1ccc(F)c(NC(=O)CO)c1,"[('CC(C)(C)OC(=O)Nc1cc(N)ccc1F', 'CC(=O)O'), 'CC(=O)Nc1ccc(F)c(NC(=O)OC(C)(C)C)c1', ('CC(=O)Nc1ccc(F)c(N)c1', 'O=C(O)CO')]","['Amidation', 'N-Boc_deprotection', 'Amidation']",3,"['x0884', 'x0732']",x0884-x0732-merge-3-6
51,CC(=O)Nc1cc(C)cc(NC(=O)CO)c1,"[('CC(C)(C)OC(=O)Nc1cc(C)cc(N)c1', 'CC(=O)O'), 'CC(=O)Nc1cc(C)cc(NC(=O)OC(C)(C)C)c1', ('CC(=O)Nc1cc(C)cc(N)c1', 'O=C(O)CO')]","['Amidation', 'N-Boc_deprotection', 'Amidation']",3,"['x0884', 'x0732']",x0884-x0732-merge-3-7
52,CC(=O)Nc1cc(C)cc(NC(=O)CO)c1,"[('CC(C)(C)OC(=O)Nc1cc(N)cc(C)c1', 'CC(=O)O'), 'CC(=O)Nc1cc(C)cc(NC(=O)OC(C)(C)C)c1', ('CC(=O)Nc1cc(C)cc(N)c1', 'O=C(O)CO')]","['Amidation', 'N-Boc_deprotection', 'Amidation']",3,"['x0884', 'x0732']",x0884-x0732-merge-3-8
53,CC(=O)Nc1cccc(OCC(=O)N(C)C)c1NC(=O)CO,"[('Oc1cccc(N)c1NC(=O)OC(C)(C)C', 'CC(=O)O'), 'CC(=O)Nc1cccc(O)c1NC(=O)OC(C)(C)C', ('CC(=O)Nc1cccc(O)c1N', 'O=C(O)CO'), ('CC(=O)Nc1cccc(O)c1NC(=O)CO', 'CN(C)C(=O)CCl')]","['Amidation', 'N-Boc_deprotection', 'Amidation', 'Williamson_ether_synthesis']",4,"['x0884', 'x0732']",x0884-x0732-x0922-merge-1-1
54,CC(=O)Nc1cc(C)cc(OCC(=O)N(C)C)c1,"[('Cc1cc(O)cc(N)c1', 'CC(=O)O'), ('CC(=O)Nc1cc(C)cc(O)c1', 'CN(C)C(=O)CCl')]","['Amidation', 'Williamson_ether_synthesis']",2,"['x0884', 'x0739']",x0884-x0739-merge-3-1
55,CC(=O)Nc1cc(OCC(=O)N2CCOCC2)ncc1C,"[('Cc1cnc(O)cc1N', 'CC(=O)O'), ('CC(=O)Nc1cc(O)ncc1C', 'O=C(CCl)N1CCOCC1')]","['Amidation', 'Williamson_ether_synthesis']",2,"['x0884', 'x0739']",x0884-x0739-merge-3-2
56,CC(=O)Nc1cc(C)cc(OCC(=O)N2CCOCC2)c1,"[('Cc1cc(O)cc(N)c1', 'CC(=O)O'), ('CC(=O)Nc1cc(C)cc(O)c1', 'O=C(CCl)N1CCOCC1')]","['Amidation', 'Williamson_ether_synthesis']",2,"['x0884', 'x0739']",x0884-x0739-merge-3-3
57,CC(=O)Nc1cccc(OCC(=O)N2CCOCC2)c1,"[('Nc1cccc(O)c1', 'CC(=O)O'), ('CC(=O)Nc1cccc(O)c1', 'O=C(CCl)N1CCOCC1')]","['Amidation', 'Williamson_ether_synthesis']",2,"['x0884', 'x0739']",x0884-x0739-merge-3-4
58,CC(=O)Nc1cc(OCC(=O)N2CCOCC2)ccc1C,"[('Cc1ccc(O)cc1N', 'CC(=O)O'), ('CC(=O)Nc1cc(O)ccc1C', 'O=C(CCl)N1CCOCC1')]","['Amidation', 'Williamson_ether_synthesis']",2,"['x0884', 'x0739']",x0884-x0739-merge-3-5
59,CC(=O)Nc1cc(OCC(=O)N2CCOCC2)ccc1C,"[('Cc1ccc(O)cc1N', 'CC(=O)O'), ('CC(=O)Nc1cc(O)ccc1C', 'O=C(CCl)N1CCOCC1')]","['Amidation', 'Williamson_ether_synthesis']",2,"['x0884', 'x0739']",x0884-x0739-merge-3-6
60,CC(=O)Nc1cc(OCC(=O)N2CCOCC2)ccc1F,"[('Fc1ccc(O)cc1N', 'CC(=O)O'), ('CC(=O)Nc1cc(O)ccc1F', 'O=C(CCl)N1CCOCC1')]","['Amidation', 'Williamson_ether_synthesis']",2,"['x0884', 'x0739']",x0884-x0739-merge-3-7
61,CC(=O)Nc1ccc(C)c(OCC(=O)N2CCOCC2)c1,"[('Nc1cc(O)c(C)cc1', 'CC(=O)O'), ('CC(=O)Nc1ccc(C)c(O)c1', 'O=C(CCl)N1CCOCC1')]","['Amidation', 'Williamson_ether_synthesis']",2,"['x0884', 'x0739']",x0884-x0739-merge-3-8
62,CC(=O)Nc1cc(OCC(=O)N2CCOCC2)c(C)cc1C,"[('Nc1cc(O)c(C)cc1C', 'CC(=O)O'), ('CC(=O)Nc1cc(O)c(C)cc1C', 'O=C(CCl)N1CCOCC1')]","['Amidation', 'Williamson_ether_synthesis']",2,"['x0884', 'x0739']",x0884-x0739-merge-3-9
63,CC(=O)Nc1cncc(OCC(=O)N2CCOCC2)c1,"[('Nc1cncc(O)c1', 'CC(=O)O'), ('CC(=O)Nc1cncc(O)c1', 'O=C(CCl)N1CCOCC1')]","['Amidation', 'Williamson_ether_synthesis']",2,"['x0884', 'x0739']",x0884-x0739-merge-3-10
64,CC(=O)Nc1ccnc(OCC(=O)N2CCOCC2)c1,"[('Nc1ccnc(O)c1', 'CC(=O)O'), ('CC(=O)Nc1ccnc(O)c1', 'O=C(CCl)N1CCOCC1')]","['Amidation', 'Williamson_ether_synthesis']",2,"['x0884', 'x0739']",x0884-x0739-merge-3-11
65,Cc1cc(NC(=O)C2CCCO2)cc(OC2CCN(C)C2=O)c1,"[('Cc1cc(O)cc(N)c1', 'O=C(O)C1CCCO1'), ('Cc1cc(O)cc(NC(=O)C2CCCO2)c1', 'O=C1C(Cl)CCN1C')]","['Amidation', 'Williamson_ether_synthesis']",2,"['x0528', 'x0416']",x0528-x0416-merge-1-1
66,Cc1cnc(OC2CCN(C)C2=O)cc1NC(=O)C1CCCO1,"[('Cc1cnc(O)cc1N', 'O=C(O)C1CCCO1'), ('Cc1cnc(O)cc1NC(=O)C1CCCO1', 'O=C1C(Cl)CCN1C')]","['Amidation', 'Williamson_ether_synthesis']",2,"['x0528', 'x0416']",x0528-x0416-merge-1-2
67,Cc1cc(NC(=O)C2CCCO2)cc(OC2CCN(C)C2=O)c1,"[('Cc1cc(O)cc(N)c1', 'O=C(O)C1CCCO1'), ('Cc1cc(O)cc(NC(=O)C2CCCO2)c1', 'O=C1C(Cl)CCN1C')]","['Amidation', 'Williamson_ether_synthesis']",2,"['x0528', 'x0416']",x0528-x0416-merge-1-3
68,CN1CCC(Oc2cccc(NC(=O)C3CCCO3)c2)C1=O,"[('Nc1cccc(O)c1', 'O=C(O)C1CCCO1'), ('O=C(Nc1cccc(O)c1)C1CCCO1', 'O=C1C(Cl)CCN1C')]","['Amidation', 'Williamson_ether_synthesis']",2,"['x0528', 'x0416']",x0528-x0416-merge-1-4
69,Cc1ccc(OC2CCN(C)C2=O)cc1NC(=O)C1CCCO1,"[('Cc1ccc(O)cc1N', 'O=C(O)C1CCCO1'), ('Cc1ccc(O)cc1NC(=O)C1CCCO1', 'O=C1C(Cl)CCN1C')]","['Amidation', 'Williamson_ether_synthesis']",2,"['x0528', 'x0416']",x0528-x0416-merge-1-5
70,Cc1ccc(OC2CCN(C)C2=O)cc1NC(=O)C1CCCO1,"[('Cc1ccc(O)cc1N', 'O=C(O)C1CCCO1'), ('Cc1ccc(O)cc1NC(=O)C1CCCO1', 'O=C1C(Cl)CCN1C')]","['Amidation', 'Williamson_ether_synthesis']",2,"['x0528', 'x0416']",x0528-x0416-merge-1-6
71,CN1CCC(Oc2ccc(F)c(NC(=O)C3CCCO3)c2)C1=O,"[('Fc1ccc(O)cc1N', 'O=C(O)C1CCCO1'), ('O=C(Nc1cc(O)ccc1F)C1CCCO1', 'O=C1C(Cl)CCN1C')]","['Amidation', 'Williamson_ether_synthesis']",2,"['x0528', 'x0416']",x0528-x0416-merge-1-7
72,Cc1ccc(NC(=O)C2CCCO2)cc1OC1CCN(C)C1=O,"[('Nc1cc(O)c(C)cc1', 'O=C(O)C1CCCO1'), ('Cc1ccc(NC(=O)C2CCCO2)cc1O', 'O=C1C(Cl)CCN1C')]","['Amidation', 'Williamson_ether_synthesis']",2,"['x0528', 'x0416']",x0528-x0416-merge-1-8
73,Cc1cc(C)c(OC2CCN(C)C2=O)cc1NC(=O)C1CCCO1,"[('Nc1cc(O)c(C)cc1C', 'O=C(O)C1CCCO1'), ('Cc1cc(C)c(NC(=O)C2CCCO2)cc1O', 'O=C1C(Cl)CCN1C')]","['Amidation', 'Williamson_ether_synthesis']",2,"['x0528', 'x0416']",x0528-x0416-merge-1-9
74,CN1CCC(Oc2cncc(NC(=O)C3CCCO3)c2)C1=O,"[('Nc1cncc(O)c1', 'O=C(O)C1CCCO1'), ('O=C(Nc1cncc(O)c1)C1CCCO1', 'O=C1C(Cl)CCN1C')]","['Amidation', 'Williamson_ether_synthesis']",2,"['x0528', 'x0416']",x0528-x0416-merge-1-10
75,CN1CCC(Oc2cc(NC(=O)C3CCCO3)ccn2)C1=O,"[('Nc1ccnc(O)c1', 'O=C(O)C1CCCO1'), ('O=C(Nc1ccnc(O)c1)C1CCCO1', 'O=C1C(Cl)CCN1C')]","['Amidation', 'Williamson_ether_synthesis']",2,"['x0528', 'x0416']",x0528-x0416-merge-1-11
76,Cc1cnc(NC(=O)COC2CCN(C)C2=O)c(O)c1,"[('Cc1cnc(N)c(O)c1', 'C(O)(=O)CO[Si](C(C)(C)C)(C)C'), 'Cc1cnc(NC(=O)CO[Si](C)(C)C(C)(C)C)c(O)c1', ('Cc1cnc(NC(=O)CO)c(O)c1', 'O=C1C(Cl)CCN1C')]","['Amidation', 'TBS_alcohol_deprotection', 'Williamson_ether_synthesis']",3,"['x0528', 'x0732']",x0528-x0732-merge-1-1
77,CN1CCC(OCC(=O)Nc2ccccc2O)C1=O,"[('Nc1ccccc1O', 'C(O)(=O)CO[Si](C(C)(C)C)(C)C'), 'CC(C)(C)[Si](C)(C)OCC(=O)Nc1ccccc1O', ('O=C(CO)Nc1ccccc1O', 'O=C1C(Cl)CCN1C')]","['Amidation', 'TBS_alcohol_deprotection', 'Williamson_ether_synthesis']",3,"['x0528', 'x0732']",x0528-x0732-merge-1-2
78,Cc1ccc(NC(=O)COC2CCN(C)C2=O)c(O)c1,"[('Cc1cc(O)c(N)cc1', 'C(O)(=O)CO[Si](C(C)(C)C)(C)C'), 'Cc1ccc(NC(=O)CO[Si](C)(C)C(C)(C)C)c(O)c1', ('Cc1ccc(NC(=O)CO)c(O)c1', 'O=C1C(Cl)CCN1C')]","['Amidation', 'TBS_alcohol_deprotection', 'Williamson_ether_synthesis']",3,"['x0528', 'x0732']",x0528-x0732-merge-1-3
79,CN1CCC(OCC(=O)Nc2ccc(F)cc2O)C1=O,"[('Fc1cc(O)c(N)cc1', 'C(O)(=O)CO[Si](C(C)(C)C)(C)C'), 'CC(C)(C)[Si](C)(C)OCC(=O)Nc1ccc(F)cc1O', ('O=C(CO)Nc1ccc(F)cc1O', 'O=C1C(Cl)CCN1C')]","['Amidation', 'TBS_alcohol_deprotection', 'Williamson_ether_synthesis']",3,"['x0528', 'x0732']",x0528-x0732-merge-1-4
80,Cc1cccc(OC2CCN(C)C2=O)c1NC(=O)CO,"[('Cc1cccc(O)c1N', 'C(O)(=O)CO[Si](C(C)(C)C)(C)C'), 'Cc1cccc(O)c1NC(=O)CO[Si](C)(C)C(C)(C)C', ('Cc1cccc(O)c1NC(=O)CO', 'O=C1C(Cl)CCN1C')]","['Amidation', 'TBS_alcohol_deprotection', 'Williamson_ether_synthesis']",3,"['x0528', 'x0732']",x0528-x0732-merge-1-5
81,Cc1cc(C)c(NC(=O)COC2CCN(C)C2=O)c(O)c1,"[('Cc1cc(O)c(N)c(C)c1', 'C(O)(=O)CO[Si](C(C)(C)C)(C)C'), 'Cc1cc(C)c(NC(=O)CO[Si](C)(C)C(C)(C)C)c(O)c1', ('Cc1cc(C)c(NC(=O)CO)c(O)c1', 'O=C1C(Cl)CCN1C')]","['Amidation', 'TBS_alcohol_deprotection', 'Williamson_ether_synthesis']",3,"['x0528', 'x0732']",x0528-x0732-merge-1-6
82,Cc1nccc(OC2CCN(C)C2=O)c1NC(=O)CO,"[('Oc1ccnc(C)c1N', 'C(O)(=O)CO[Si](C(C)(C)C)(C)C'), 'Cc1nccc(O)c1NC(=O)CO[Si](C)(C)C(C)(C)C', ('Cc1nccc(O)c1NC(=O)CO', 'O=C1C(Cl)CCN1C')]","['Amidation', 'TBS_alcohol_deprotection', 'Williamson_ether_synthesis']",3,"['x0528', 'x0732']",x0528-x0732-merge-1-7
83,Cc1cc(OC2CCN(C)C2=O)c(NC(=O)CO)c(C)n1,"[('Cc1cc(O)c(N)c(C)n1', 'C(O)(=O)CO[Si](C(C)(C)C)(C)C'), 'Cc1cc(O)c(NC(=O)CO[Si](C)(C)C(C)(C)C)c(C)n1', ('Cc1cc(O)c(NC(=O)CO)c(C)n1', 'O=C1C(Cl)CCN1C')]","['Amidation', 'TBS_alcohol_deprotection', 'Williamson_ether_synthesis']",3,"['x0528', 'x0732']",x0528-x0732-merge-1-8
84,Cc1cnc(NC(=O)CS)c(OC2CCN(C)C2=O)c1,"[('Cc1cnc(N)c(O)c1', 'O=C(O)CS'), ('Cc1cnc(NC(=O)CS)c(O)c1', 'O=C1C(Cl)CCN1C')]","['Amidation', 'Williamson_ether_synthesis']",2,"['x0528', 'x0732']",x0528-x0732-merge-2-1
85,CN1CCC(Oc2ccccc2NC(=O)CS)C1=O,"[('Nc1ccccc1O', 'O=C(O)CS'), ('O=C(CS)Nc1ccccc1O', 'O=C1C(Cl)CCN1C')]","['Amidation', 'Williamson_ether_synthesis']",2,"['x0528', 'x0732']",x0528-x0732-merge-2-2
86,Cc1ccc(NC(=O)CS)c(OC2CCN(C)C2=O)c1,"[('Cc1cc(O)c(N)cc1', 'O=C(O)CS'), ('Cc1ccc(NC(=O)CS)c(O)c1', 'O=C1C(Cl)CCN1C')]","['Amidation', 'Williamson_ether_synthesis']",2,"['x0528', 'x0732']",x0528-x0732-merge-2-3
87,CN1CCC(Oc2cc(F)ccc2NC(=O)CS)C1=O,"[('Fc1cc(O)c(N)cc1', 'O=C(O)CS'), ('O=C(CS)Nc1ccc(F)cc1O', 'O=C1C(Cl)CCN1C')]","['Amidation', 'Williamson_ether_synthesis']",2,"['x0528', 'x0732']",x0528-x0732-merge-2-4
88,Cc1cccc(OC2CCN(C)C2=O)c1NC(=O)CS,"[('Cc1cccc(O)c1N', 'O=C(O)CS'), ('Cc1cccc(O)c1NC(=O)CS', 'O=C1C(Cl)CCN1C')]","['Amidation', 'Williamson_ether_synthesis']",2,"['x0528', 'x0732']",x0528-x0732-merge-2-5
89,Cc1cc(C)c(NC(=O)CS)c(OC2CCN(C)C2=O)c1,"[('Cc1cc(O)c(N)c(C)c1', 'O=C(O)CS'), ('Cc1cc(C)c(NC(=O)CS)c(O)c1', 'O=C1C(Cl)CCN1C')]","['Amidation', 'Williamson_ether_synthesis']",2,"['x0528', 'x0732']",x0528-x0732-merge-2-6
90,Cc1nccc(OC2CCN(C)C2=O)c1NC(=O)CS,"[('Oc1ccnc(C)c1N', 'O=C(O)CS'), ('Cc1nccc(O)c1NC(=O)CS', 'O=C1C(Cl)CCN1C')]","['Amidation', 'Williamson_ether_synthesis']",2,"['x0528', 'x0732']",x0528-x0732-merge-2-7
91,Cc1cc(OC2CCN(C)C2=O)c(NC(=O)CS)c(C)n1,"[('Cc1cc(O)c(N)c(C)n1', 'O=C(O)CS'), ('Cc1cc(O)c(NC(=O)CS)c(C)n1', 'O=C1C(Cl)CCN1C')]","['Amidation', 'Williamson_ether_synthesis']",2,"['x0528', 'x0732']",x0528-x0732-merge-2-8
92,CC(=O)Nc1cccc(O)c1NC(=O)CS,"[('Oc1cccc(N)c1NC(=O)OC(C)(C)C', 'CC(=O)O'), 'CC(=O)Nc1cccc(O)c1NC(=O)OC(C)(C)C', ('CC(=O)Nc1cccc(O)c1N', 'O=C(O)CS')]","['Amidation', 'N-Boc_deprotection', 'Amidation']",3,"['x0884', 'x0732']",x0884-x0732-x0922-merge-2-1
93,Cc1cc(NC(=O)CO)cc(OCC(=O)N(C)C)c1,"[('Cc1cc(O)cc(N)c1', 'C(O)(=O)CO[Si](C(C)(C)C)(C)C'), 'Cc1cc(O)cc(NC(=O)CO[Si](C)(C)C(C)(C)C)c1', ('Cc1cc(O)cc(NC(=O)CO)c1', 'CN(C)C(=O)CCl')]","['Amidation', 'TBS_alcohol_deprotection', 'Williamson_ether_synthesis']",3,"['x0922', 'x0732']",x0922-x0732-merge-1-1
94,Cc1cnc(OCC(=O)N(C)C)cc1NC(=O)CO,"[('Cc1cnc(O)cc1N', 'C(O)(=O)CO[Si](C(C)(C)C)(C)C'), 'Cc1cnc(O)cc1NC(=O)CO[Si](C)(C)C(C)(C)C', ('Cc1cnc(O)cc1NC(=O)CO', 'CN(C)C(=O)CCl')]","['Amidation', 'TBS_alcohol_deprotection', 'Williamson_ether_synthesis']",3,"['x0922', 'x0732']",x0922-x0732-merge-1-2
95,Cc1cc(NC(=O)CO)cc(OCC(=O)N(C)C)c1,"[('Cc1cc(O)cc(N)c1', 'C(O)(=O)CO[Si](C(C)(C)C)(C)C'), 'Cc1cc(O)cc(NC(=O)CO[Si](C)(C)C(C)(C)C)c1', ('Cc1cc(O)cc(NC(=O)CO)c1', 'CN(C)C(=O)CCl')]","['Amidation', 'TBS_alcohol_deprotection', 'Williamson_ether_synthesis']",3,"['x0922', 'x0732']",x0922-x0732-merge-1-3
96,CN(C)C(=O)COCC(=O)Nc1cccc(O)c1,"[('Nc1cccc(O)c1', 'C(O)(=O)CO[Si](C(C)(C)C)(C)C'), 'CC(C)(C)[Si](C)(C)OCC(=O)Nc1cccc(O)c1', ('O=C(CO)Nc1cccc(O)c1', 'CN(C)C(=O)CCl')]","['Amidation', 'TBS_alcohol_deprotection', 'Williamson_ether_synthesis']",3,"['x0922', 'x0732']",x0922-x0732-merge-1-4
97,Cc1ccc(OCC(=O)N(C)C)cc1NC(=O)CO,"[('Cc1ccc(O)cc1N', 'C(O)(=O)CO[Si](C(C)(C)C)(C)C'), 'Cc1ccc(O)cc1NC(=O)CO[Si](C)(C)C(C)(C)C', ('Cc1ccc(O)cc1NC(=O)CO', 'CN(C)C(=O)CCl')]","['Amidation', 'TBS_alcohol_deprotection', 'Williamson_ether_synthesis']",3,"['x0922', 'x0732']",x0922-x0732-merge-1-5
98,Cc1ccc(OCC(=O)N(C)C)cc1NC(=O)CO,"[('Cc1ccc(O)cc1N', 'C(O)(=O)CO[Si](C(C)(C)C)(C)C'), 'Cc1ccc(O)cc1NC(=O)CO[Si](C)(C)C(C)(C)C', ('Cc1ccc(O)cc1NC(=O)CO', 'CN(C)C(=O)CCl')]","['Amidation', 'TBS_alcohol_deprotection', 'Williamson_ether_synthesis']",3,"['x0922', 'x0732']",x0922-x0732-merge-1-6
99,CN(C)C(=O)COCC(=O)Nc1cc(O)ccc1F,"[('Fc1ccc(O)cc1N', 'C(O)(=O)CO[Si](C(C)(C)C)(C)C'), 'CC(C)(C)[Si](C)(C)OCC(=O)Nc1cc(O)ccc1F', ('O=C(CO)Nc1cc(O)ccc1F', 'CN(C)C(=O)CCl')]","['Amidation', 'TBS_alcohol_deprotection', 'Williamson_ether_synthesis']",3,"['x0922', 'x0732']",x0922-x0732-merge-1-7
100,Cc1ccc(NC(=O)COCC(=O)N(C)C)cc1O,"[('Nc1cc(O)c(C)cc1', 'C(O)(=O)CO[Si](C(C)(C)C)(C)C'), 'Cc1ccc(NC(=O)CO[Si](C)(C)C(C)(C)C)cc1O', ('Cc1ccc(NC(=O)CO)cc1O', 'CN(C)C(=O)CCl')]","['Amidation', 'TBS_alcohol_deprotection', 'Williamson_ether_synthesis']",3,"['x0922', 'x0732']",x0922-x0732-merge-1-8
101,Cc1cc(C)c(NC(=O)COCC(=O)N(C)C)cc1O,"[('Nc1cc(O)c(C)cc1C', 'C(O)(=O)CO[Si](C(C)(C)C)(C)C'), 'Cc1cc(C)c(NC(=O)CO[Si](C)(C)C(C)(C)C)cc1O', ('Cc1cc(C)c(NC(=O)CO)cc1O', 'CN(C)C(=O)CCl')]","['Amidation', 'TBS_alcohol_deprotection', 'Williamson_ether_synthesis']",3,"['x0922', 'x0732']",x0922-x0732-merge-1-9
102,CN(C)C(=O)COCC(=O)Nc1cncc(O)c1,"[('Nc1cncc(O)c1', 'C(O)(=O)CO[Si](C(C)(C)C)(C)C'), 'CC(C)(C)[Si](C)(C)OCC(=O)Nc1cncc(O)c1', ('O=C(CO)Nc1cncc(O)c1', 'CN(C)C(=O)CCl')]","['Amidation', 'TBS_alcohol_deprotection', 'Williamson_ether_synthesis']",3,"['x0922', 'x0732']",x0922-x0732-merge-1-10
103,CN(C)C(=O)COCC(=O)Nc1ccnc(O)c1,"[('Nc1ccnc(O)c1', 'C(O)(=O)CO[Si](C(C)(C)C)(C)C'), 'CC(C)(C)[Si](C)(C)OCC(=O)Nc1ccnc(O)c1', ('O=C(CO)Nc1ccnc(O)c1', 'CN(C)C(=O)CCl')]","['Amidation', 'TBS_alcohol_deprotection', 'Williamson_ether_synthesis']",3,"['x0922', 'x0732']",x0922-x0732-merge-1-11
104,Cc1cc(NC(=O)CS)cc(OCC(=O)N(C)C)c1,"[('Cc1cc(O)cc(N)c1', 'O=C(O)CS'), ('Cc1cc(O)cc(NC(=O)CS)c1', 'CN(C)C(=O)CCl')]","['Amidation', 'Williamson_ether_synthesis']",2,"['x0922', 'x0732']",x0922-x0732-merge-2-1
105,Cc1cnc(OCC(=O)N(C)C)cc1NC(=O)CS,"[('Cc1cnc(O)cc1N', 'O=C(O)CS'), ('Cc1cnc(O)cc1NC(=O)CS', 'CN(C)C(=O)CCl')]","['Amidation', 'Williamson_ether_synthesis']",2,"['x0922', 'x0732']",x0922-x0732-merge-2-2
106,Cc1cc(NC(=O)CS)cc(OCC(=O)N(C)C)c1,"[('Cc1cc(O)cc(N)c1', 'O=C(O)CS'), ('Cc1cc(O)cc(NC(=O)CS)c1', 'CN(C)C(=O)CCl')]","['Amidation', 'Williamson_ether_synthesis']",2,"['x0922', 'x0732']",x0922-x0732-merge-2-3
107,CN(C)C(=O)COc1cccc(NC(=O)CS)c1,"[('Nc1cccc(O)c1', 'O=C(O)CS'), ('O=C(CS)Nc1cccc(O)c1', 'CN(C)C(=O)CCl')]","['Amidation', 'Williamson_ether_synthesis']",2,"['x0922', 'x0732']",x0922-x0732-merge-2-4
108,Cc1ccc(OCC(=O)N(C)C)cc1NC(=O)CS,"[('Cc1ccc(O)cc1N', 'O=C(O)CS'), ('Cc1ccc(O)cc1NC(=O)CS', 'CN(C)C(=O)CCl')]","['Amidation', 'Williamson_ether_synthesis']",2,"['x0922', 'x0732']",x0922-x0732-merge-2-5
109,Cc1ccc(OCC(=O)N(C)C)cc1NC(=O)CS,"[('Cc1ccc(O)cc1N', 'O=C(O)CS'), ('Cc1ccc(O)cc1NC(=O)CS', 'CN(C)C(=O)CCl')]","['Amidation', 'Williamson_ether_synthesis']",2,"['x0922', 'x0732']",x0922-x0732-merge-2-6
110,CN(C)C(=O)COc1ccc(F)c(NC(=O)CS)c1,"[('Fc1ccc(O)cc1N', 'O=C(O)CS'), ('O=C(CS)Nc1cc(O)ccc1F', 'CN(C)C(=O)CCl')]","['Amidation', 'Williamson_ether_synthesis']",2,"['x0922', 'x0732']",x0922-x0732-merge-2-7
111,Cc1ccc(NC(=O)CS)cc1OCC(=O)N(C)C,"[('Nc1cc(O)c(C)cc1', 'O=C(O)CS'), ('Cc1ccc(NC(=O)CS)cc1O', 'CN(C)C(=O)CCl')]","['Amidation', 'Williamson_ether_synthesis']",2,"['x0922', 'x0732']",x0922-x0732-merge-2-8
112,Cc1cc(C)c(OCC(=O)N(C)C)cc1NC(=O)CS,"[('Nc1cc(O)c(C)cc1C', 'O=C(O)CS'), ('Cc1cc(C)c(NC(=O)CS)cc1O', 'CN(C)C(=O)CCl')]","['Amidation', 'Williamson_ether_synthesis']",2,"['x0922', 'x0732']",x0922-x0732-merge-2-9
113,CN(C)C(=O)COc1cncc(NC(=O)CS)c1,"[('Nc1cncc(O)c1', 'O=C(O)CS'), ('O=C(CS)Nc1cncc(O)c1', 'CN(C)C(=O)CCl')]","['Amidation', 'Williamson_ether_synthesis']",2,"['x0922', 'x0732']",x0922-x0732-merge-2-10
114,CN(C)C(=O)COc1cc(NC(=O)CS)ccn1,"[('Nc1ccnc(O)c1', 'O=C(O)CS'), ('O=C(CS)Nc1ccnc(O)c1', 'CN(C)C(=O)CCl')]","['Amidation', 'Williamson_ether_synthesis']",2,"['x0922', 'x0732']",x0922-x0732-merge-2-11
115,CN(C)C(=O)COc1cc(OCC(=O)N2CCOCC2)ccc1F,"[('C[Si](C)(Oc1cc(O)ccc1F)C(C)(C)C', 'O=C(CCl)N1CCOCC1'), 'CC(C)(C)[Si](C)(C)Oc1cc(OCC(=O)N2CCOCC2)ccc1F', ('O=C(COc1ccc(F)c(O)c1)N1CCOCC1', 'CN(C)C(=O)CCl')]","['Williamson_ether_synthesis', 'TBS_alcohol_deprotection', 'Williamson_ether_synthesis']",3,"['x0922', 'x0739']",x0922-x0739-merge-2-1
116,CN(C)C(=O)COc1cccc(OCC(=O)N2CCOCC2)c1,"[('CC(C)(C)[Si](C)(C)Oc1cccc(O)c1', 'O=C(CCl)N1CCOCC1'), 'CC(C)(C)[Si](C)(C)Oc1cccc(OCC(=O)N2CCOCC2)c1', ('O=C(COc1cccc(O)c1)N1CCOCC1', 'CN(C)C(=O)CCl')]","['Williamson_ether_synthesis', 'TBS_alcohol_deprotection', 'Williamson_ether_synthesis']",3,"['x0922', 'x0739']",x0922-x0739-merge-2-2
117,Cc1cc(OCC(=O)N(C)C)cc(OCC(=O)N2CCOCC2)c1,"[('Cc1cc(OCc2ccccc2)cc(O)c1', 'O=C(CCl)N1CCOCC1'), 'Cc1cc(OCC(=O)N2CCOCC2)cc(OCc2ccccc2)c1', ('Cc1cc(O)cc(OCC(=O)N2CCOCC2)c1', 'CN(C)C(=O)CCl')]","['Williamson_ether_synthesis', 'Benzyl_alcohol_deprotection', 'Williamson_ether_synthesis']",3,"['x0922', 'x0739']",x0922-x0739-merge-2-3
118,CN(C)C(=O)COc1ccnc(OCC(=O)N2CCOCC2)c1,"[('Oc1cc(OCc2ccccc2)ccn1', 'O=C(CCl)N1CCOCC1'), 'O=C(COc1cc(OCc2ccccc2)ccn1)N1CCOCC1', ('O=C(COc1cc(O)ccn1)N1CCOCC1', 'CN(C)C(=O)CCl')]","['Williamson_ether_synthesis', 'Benzyl_alcohol_deprotection', 'Williamson_ether_synthesis']",3,"['x0922', 'x0739']",x0922-x0739-merge-2-4
119,Cc1ccc(OCC(=O)N(C)C)cc1OCC(=O)N1CCOCC1,"[('Cc1ccc(OCc2ccccc2)cc1O', 'O=C(CCl)N1CCOCC1'), 'Cc1ccc(OCc2ccccc2)cc1OCC(=O)N1CCOCC1', ('Cc1ccc(O)cc1OCC(=O)N1CCOCC1', 'CN(C)C(=O)CCl')]","['Williamson_ether_synthesis', 'Benzyl_alcohol_deprotection', 'Williamson_ether_synthesis']",3,"['x0922', 'x0739']",x0922-x0739-merge-2-5
120,Cc1ccc(OCC(=O)N2CCOCC2)cc1OCC(=O)N(C)C,"[('Oc1cc(OCc2ccccc2)c(C)cc1', 'O=C(CCl)N1CCOCC1'), 'Cc1ccc(OCC(=O)N2CCOCC2)cc1OCc1ccccc1', ('Cc1ccc(OCC(=O)N2CCOCC2)cc1O', 'CN(C)C(=O)CCl')]","['Williamson_ether_synthesis', 'Benzyl_alcohol_deprotection', 'Williamson_ether_synthesis']",3,"['x0922', 'x0739']",x0922-x0739-merge-2-6
121,CN(C)C(=O)COc1cncc(OCC(=O)N2CCOCC2)c1,"[('Oc1cncc(OCc2ccccc2)c1', 'O=C(CCl)N1CCOCC1'), 'O=C(COc1cncc(OCc2ccccc2)c1)N1CCOCC1', ('O=C(COc1cncc(O)c1)N1CCOCC1', 'CN(C)C(=O)CCl')]","['Williamson_ether_synthesis', 'Benzyl_alcohol_deprotection', 'Williamson_ether_synthesis']",3,"['x0922', 'x0739']",x0922-x0739-merge-2-7
122,Cc1cc(NC(=O)C2CCCO2)cc(OCC(=O)N(C)C)c1,"[('Cc1cc(O)cc(N)c1', 'O=C(O)C1CCCO1'), ('Cc1cc(O)cc(NC(=O)C2CCCO2)c1', 'CN(C)C(=O)CCl')]","['Amidation', 'Williamson_ether_synthesis']",2,"['x0922', 'x0416']",x0922-x0416-merge-1-1
123,Cc1cnc(OCC(=O)N(C)C)cc1NC(=O)C1CCCO1,"[('Cc1cnc(O)cc1N', 'O=C(O)C1CCCO1'), ('Cc1cnc(O)cc1NC(=O)C1CCCO1', 'CN(C)C(=O)CCl')]","['Amidation', 'Williamson_ether_synthesis']",2,"['x0922', 'x0416']",x0922-x0416-merge-1-2
124,Cc1cc(NC(=O)C2CCCO2)cc(OCC(=O)N(C)C)c1,"[('Cc1cc(O)cc(N)c1', 'O=C(O)C1CCCO1'), ('Cc1cc(O)cc(NC(=O)C2CCCO2)c1', 'CN(C)C(=O)CCl')]","['Amidation', 'Williamson_ether_synthesis']",2,"['x0922', 'x0416']",x0922-x0416-merge-1-3
125,CN(C)C(=O)COc1cccc(NC(=O)C2CCCO2)c1,"[('Nc1cccc(O)c1', 'O=C(O)C1CCCO1'), ('O=C(Nc1cccc(O)c1)C1CCCO1', 'CN(C)C(=O)CCl')]","['Amidation', 'Williamson_ether_synthesis']",2,"['x0922', 'x0416']",x0922-x0416-merge-1-4
126,Cc1ccc(OCC(=O)N(C)C)cc1NC(=O)C1CCCO1,"[('Cc1ccc(O)cc1N', 'O=C(O)C1CCCO1'), ('Cc1ccc(O)cc1NC(=O)C1CCCO1', 'CN(C)C(=O)CCl')]","['Amidation', 'Williamson_ether_synthesis']",2,"['x0922', 'x0416']",x0922-x0416-merge-1-5
127,Cc1ccc(OCC(=O)N(C)C)cc1NC(=O)C1CCCO1,"[('Cc1ccc(O)cc1N', 'O=C(O)C1CCCO1'), ('Cc1ccc(O)cc1NC(=O)C1CCCO1', 'CN(C)C(=O)CCl')]","['Amidation', 'Williamson_ether_synthesis']",2,"['x0922', 'x0416']",x0922-x0416-merge-1-6
128,CN(C)C(=O)COc1ccc(F)c(NC(=O)C2CCCO2)c1,"[('Fc1ccc(O)cc1N', 'O=C(O)C1CCCO1'), ('O=C(Nc1cc(O)ccc1F)C1CCCO1', 'CN(C)C(=O)CCl')]","['Amidation', 'Williamson_ether_synthesis']",2,"['x0922', 'x0416']",x0922-x0416-merge-1-7
129,Cc1ccc(NC(=O)C2CCCO2)cc1OCC(=O)N(C)C,"[('Nc1cc(O)c(C)cc1', 'O=C(O)C1CCCO1'), ('Cc1ccc(NC(=O)C2CCCO2)cc1O', 'CN(C)C(=O)CCl')]","['Amidation', 'Williamson_ether_synthesis']",2,"['x0922', 'x0416']",x0922-x0416-merge-1-8
130,Cc1cc(C)c(OCC(=O)N(C)C)cc1NC(=O)C1CCCO1,"[('Nc1cc(O)c(C)cc1C', 'O=C(O)C1CCCO1'), ('Cc1cc(C)c(NC(=O)C2CCCO2)cc1O', 'CN(C)C(=O)CCl')]","['Amidation', 'Williamson_ether_synthesis']",2,"['x0922', 'x0416']",x0922-x0416-merge-1-9
131,CN(C)C(=O)COc1cncc(NC(=O)C2CCCO2)c1,"[('Nc1cncc(O)c1', 'O=C(O)C1CCCO1'), ('O=C(Nc1cncc(O)c1)C1CCCO1', 'CN(C)C(=O)CCl')]","['Amidation', 'Williamson_ether_synthesis']",2,"['x0922', 'x0416']",x0922-x0416-merge-1-10
132,CN(C)C(=O)COc1cc(NC(=O)C2CCCO2)ccn1,"[('Nc1ccnc(O)c1', 'O=C(O)C1CCCO1'), ('O=C(Nc1ccnc(O)c1)C1CCCO1', 'CN(C)C(=O)CCl')]","['Amidation', 'Williamson_ether_synthesis']",2,"['x0922', 'x0416']",x0922-x0416-merge-1-11
